,country_code,country,Province,Date,Score,pruid,Confirmed,Probable,Death,New Cases,New Probable,New Deaths,Mean Temperature,Total Precipitation,New Cases (world),Confirmed (world),New Deaths (world),Deaths (world),Days Since First Case,Letter Score
635,CA,Canada,British Columbia,2020-02-16,1,59,5,0,0.0,1,0,0.0,5.0,4.8,2090,69277,142,1669,20,D
636,CA,Canada,Ontario,2020-02-16,4,35,3,0,0.0,0,0,0.0,1.4,0.4,2090,69277,142,1669,20,D
638,CA,Canada,Ontario,2020-02-21,21,35,3,0,0.0,0,0,0.0,-4.1,0.2,1044,76817,120,2249,25,C
637,CA,Canada,British Columbia,2020-02-21,5,59,6,0,0.0,1,0,0.0,4.8,18.4,1044,76817,120,2249,25,D
639,CA,Canada,British Columbia,2020-02-24,13,59,6,0,0.0,0,0,0.0,3.0,5.4,619,79565,164,2627,28,D
640,CA,Canada,Ontario,2020-02-24,17,35,4,0,0.0,1,0,0.0,5.8,1.1,619,79565,164,2627,28,D
641,CA,Canada,British Columbia,2020-02-25,13,59,7,0,0.0,1,0,0.0,6.0,8.4,825,80390,83,2710,29,D
642,CA,Canada,Ontario,2020-02-25,18,35,4,0,0.0,0,0,0.0,3.7,0.2,825,80390,83,2710,29,D
643,CA,Canada,British Columbia,2020-02-26,9,59,7,0,0.0,0,0,0.0,7.0,37.4,927,81317,61,2771,30,D
644,CA,Canada,Ontario,2020-02-26,29,35,5,0,0.0,1,0,0.0,0.4,11.8,927,81317,61,2771,30,C
645,CA,Canada,British Columbia,2020-02-27,12,59,7,0,0.0,0,0,0.0,6.3,34.4,1376,82693,43,2814,31,D
646,CA,Canada,Ontario,2020-02-27,34,35,6,0,0.0,1,0,0.0,-4.0,3.1,1376,82693,43,2814,31,C
647,CA,Canada,British Columbia,2020-02-29,2,59,7,0,0.0,0,0,0.0,4.3,2.4,1827,85951,68,2941,33,D
648,CA,Canada,Ontario,2020-02-29,15,35,8,0,0.0,2,0,0.0,-8.0,1.2,1827,85951,68,2941,33,D
650,CA,Canada,Ontario,2020-03-01,11,35,15,0,0.0,7,0,0.0,-1.6,0.7,1880,87831,45,2986,34,D
649,CA,Canada,British Columbia,2020-03-01,4,59,8,0,0.0,1,0,0.0,2.8,29.4,1880,87831,45,2986,34,D
651,CA,Canada,British Columbia,2020-03-03,11,59,12,0,0.0,4,0,0.0,5.8,12.6,2293,92420,79,3152,36,D
652,CA,Canada,Ontario,2020-03-03,21,35,20,0,0.0,5,0,0.0,3.8,9.9,2293,92420,79,3152,36,C
653,CA,Canada,Quebec,2020-03-03,12,24,1,0,0.0,0,0,0.0,1.1,2.0,2293,92420,79,3152,36,D
654,CA,Canada,British Columbia,2020-03-05,17,59,21,0,0.0,9,0,0.0,2.8,11.0,2726,97343,101,3343,38,D
655,CA,Canada,Ontario,2020-03-05,14,35,22,0,0.0,2,0,0.0,2.2,1.1,2726,97343,101,3343,38,D
656,CA,Canada,Quebec,2020-03-05,10,24,2,0,0.0,1,0,0.0,0.0,0.0,2726,97343,101,3343,38,D
657,CA,Canada,British Columbia,2020-03-06,0,59,21,0,0.0,0,0,0.0,3.5,8.0,3911,101254,113,3456,39,D
658,CA,Canada,Ontario,2020-03-06,25,35,28,0,0.0,6,0,0.0,1.4,1.2,3911,101254,113,3456,39,C
659,CA,Canada,Quebec,2020-03-06,23,24,2,0,0.0,0,0,0.0,-4.7,0.0,3911,101254,113,3456,39,C
660,CA,Canada,British Columbia,2020-03-07,15,59,27,0,0.0,6,0,0.0,3.3,1.2,3809,105063,93,3549,40,D
661,CA,Canada,Ontario,2020-03-07,7,35,28,0,0.0,0,0,0.0,-0.9,1.1,3809,105063,93,3549,40,D
662,CA,Canada,Quebec,2020-03-07,8,24,2,0,0.0,0,0,0.0,-7.4,0.0,3809,105063,93,3549,40,D
0,CA,Canada,Alberta,2020-03-08,17,48,1,0,0.0,0,0,0.0,-12.9,0.0,3931,108994,235,3784,41,D
1,CA,Canada,British Columbia,2020-03-08,0,59,27,0,1.0,0,0,1.0,4.0,0.0,3931,108994,235,3784,41,D
2,CA,Canada,Ontario,2020-03-08,0,35,31,0,0.0,3,0,0.0,5.9,0.5,3931,108994,235,3784,41,D
3,CA,Canada,Quebec,2020-03-08,6,24,3,0,0.0,1,0,0.0,-1.5,0.0,3931,108994,235,3784,41,D
4,CA,Canada,Alberta,2020-03-09,6,48,7,0,0.0,6,0,0.0,-5.9,0.0,4332,113326,208,3992,42,D
5,CA,Canada,British Columbia,2020-03-09,8,59,32,0,1.0,5,0,0.0,3.5,27.4,4332,113326,208,3992,42,D
6,CA,Canada,Ontario,2020-03-09,13,35,34,0,0.0,3,0,0.0,12.4,0.2,4332,113326,208,3992,42,D
7,CA,Canada,Quebec,2020-03-09,15,24,4,0,0.0,1,0,0.0,-3.6,4.0,4332,113326,208,3992,42,D
13,CA,Canada,Nova Scotia,2020-03-11,36,12,0,0,0.0,0,0,0.0,-1.8,1.6,6315,124101,326,4583,44,C
12,CA,Canada,Newfoundland and Labrador,2020-03-11,22,10,0,0,0.0,0,0,0.0,-16.7,0.0,6315,124101,326,4583,44,C
11,CA,Canada,New Brunswick,2020-03-11,24,13,0,0,0.0,0,0,0.0,-4.2,0.0,6315,124101,326,4583,44,C
15,CA,Canada,Quebec,2020-03-11,16,24,7,0,0.0,3,0,0.0,-6.1,0.0,6315,124101,326,4583,44,D
9,CA,Canada,British Columbia,2020-03-11,5,59,39,0,1.0,7,0,0.0,5.3,3.0,6315,124101,326,4583,44,D
10,CA,Canada,Manitoba,2020-03-11,9,46,0,0,0.0,0,0,0.0,-0.6,0.0,6315,124101,326,4583,44,D
8,CA,Canada,Alberta,2020-03-11,5,48,14,0,0.0,7,0,0.0,-0.4,0.0,6315,124101,326,4583,44,D
14,CA,Canada,Ontario,2020-03-11,20,35,42,0,1.0,8,0,1.0,1.5,0.2,6315,124101,326,4583,44,C
16,CA,Canada,Alberta,2020-03-12,0,48,19,0,0.0,5,0,0.0,-5.6,0.0,6682,130783,337,4920,45,D
17,CA,Canada,British Columbia,2020-03-12,5,59,46,0,1.0,7,0,0.0,4.0,0.4,6682,130783,337,4920,45,D
18,CA,Canada,Manitoba,2020-03-12,0,46,0,1,0.0,0,1,0.0,-5.0,0.0,6682,130783,337,4920,45,D
19,CA,Canada,New Brunswick,2020-03-12,16,13,0,1,0.0,0,1,0.0,-4.9,0.2,6682,130783,337,4920,45,D
21,CA,Canada,Nova Scotia,2020-03-12,27,12,0,0,0.0,0,0,0.0,-5.6,0.0,6682,130783,337,4920,45,C
22,CA,Canada,Ontario,2020-03-12,10,35,59,0,1.0,17,0,0.0,3.4,0.0,6682,130783,337,4920,45,D
23,CA,Canada,Quebec,2020-03-12,5,24,13,0,0.0,6,0,0.0,-5.6,2.0,6682,130783,337,4920,45,D
24,CA,Canada,Saskatchewan,2020-03-12,0,47,0,1,0.0,0,1,0.0,-3.3,0.0,6682,130783,337,4920,45,D
20,CA,Canada,Newfoundland and Labrador,2020-03-12,12,10,0,0,0.0,0,0,0.0,-10.3,0.0,6682,130783,337,4920,45,D
27,CA,Canada,Manitoba,2020-03-13,5,46,1,2,0.0,1,1,0.0,-12.2,0.0,10153,140936,442,5362,46,D
28,CA,Canada,New Brunswick,2020-03-13,27,13,1,0,0.0,1,0,0.0,-5.0,16.1,10153,140936,442,5362,46,C
25,CA,Canada,Alberta,2020-03-13,14,48,23,0,0.0,4,0,0.0,-12.8,0.4,10153,140936,442,5362,46,D
26,CA,Canada,British Columbia,2020-03-13,9,59,53,0,1.0,7,0,0.0,2.8,0.0,10153,140936,442,5362,46,D
29,CA,Canada,Newfoundland and Labrador,2020-03-13,6,10,0,0,0.0,0,0,0.0,-9.5,0.6,10153,140936,442,5362,46,D
33,CA,Canada,Saskatchewan,2020-03-13,7,47,0,1,0.0,0,0,0.0,-9.4,0.0,10153,140936,442,5362,46,D
31,CA,Canada,Ontario,2020-03-13,15,35,79,0,1.0,20,0,0.0,5.8,6.2,10153,140936,442,5362,46,D
32,CA,Canada,Quebec,2020-03-13,25,24,17,0,0.0,4,0,0.0,1.0,38.0,10153,140936,442,5362,46,C
30,CA,Canada,Nova Scotia,2020-03-13,34,12,0,0,0.0,0,0,0.0,-3.1,3.7,10153,140936,442,5362,46,C
35,CA,Canada,British Columbia,2020-03-14,17,59,64,0,1.0,11,0,0.0,2.0,0.0,11793,152729,350,5712,47,D
36,CA,Canada,Manitoba,2020-03-14,16,46,1,3,0.0,0,1,0.0,-15.2,0.0,11793,152729,350,5712,47,D
37,CA,Canada,New Brunswick,2020-03-14,29,13,1,1,0.0,0,1,0.0,-1.0,0.5,11793,152729,350,5712,47,C
38,CA,Canada,Newfoundland and Labrador,2020-03-14,24,10,0,0,0.0,0,0,0.0,-3.1,0.0,11793,152729,350,5712,47,C
39,CA,Canada,Nova Scotia,2020-03-14,34,12,0,0,0.0,0,0,0.0,1.8,0.1,11793,152729,350,5712,47,C
40,CA,Canada,Ontario,2020-03-14,19,35,79,0,1.0,0,0,0.0,2.3,0.0,11793,152729,350,5712,47,D
41,CA,Canada,Quebec,2020-03-14,27,24,17,0,0.0,0,0,0.0,-3.2,0.0,11793,152729,350,5712,47,C
42,CA,Canada,Saskatchewan,2020-03-14,20,47,0,2,0.0,0,1,0.0,-8.3,3.0,11793,152729,350,5712,47,C
34,CA,Canada,Alberta,2020-03-14,36,48,29,0,0.0,6,0,0.0,-13.2,3.5,11793,152729,350,5712,47,C
43,CA,Canada,Alberta,2020-03-15,32,48,39,0,0.0,10,0,0.0,-13.6,0.0,12472,165201,740,6452,48,C
45,CA,Canada,Manitoba,2020-03-15,29,46,4,0,0.0,3,0,0.0,-8.4,0.0,12472,165201,740,6452,48,C
46,CA,Canada,New Brunswick,2020-03-15,13,13,1,1,0.0,0,0,0.0,-6.9,0.0,12472,165201,740,6452,48,D
47,CA,Canada,Newfoundland and Labrador,2020-03-15,4,10,0,1,0.0,0,1,0.0,-9.9,0.0,12472,165201,740,6452,48,D
48,CA,Canada,Nova Scotia,2020-03-15,3,12,0,0,0.0,0,0,0.0,-2.7,0.5,12472,165201,740,6452,48,D
49,CA,Canada,Ontario,2020-03-15,18,35,103,0,1.0,24,0,0.0,0.9,0.8,12472,165201,740,6452,48,D
50,CA,Canada,Quebec,2020-03-15,27,24,24,0,0.0,7,0,0.0,-6.5,0.0,12472,165201,740,6452,48,C
51,CA,Canada,Saskatchewan,2020-03-15,29,47,0,2,0.0,0,0,0.0,-6.5,0.6,12472,165201,740,6452,48,C
44,CA,Canada,British Columbia,2020-03-15,8,59,73,0,1.0,9,0,0.0,4.0,0.0,12472,165201,740,6452,48,D
56,CA,Canada,Nova Scotia,2020-03-16,38,12,0,3,0.0,0,3,0.0,-6.8,0.3,10749,175950,578,7030,49,C
58,CA,Canada,Quebec,2020-03-16,37,24,39,0,0.0,15,0,0.0,-8.2,0.0,10749,175950,578,7030,49,C
52,CA,Canada,Alberta,2020-03-16,20,48,56,0,0.0,17,0,0.0,-10.2,0.0,10749,175950,578,7030,49,C
53,CA,Canada,British Columbia,2020-03-16,6,59,73,0,4.0,0,0,3.0,5.3,0.0,10749,175950,578,7030,49,D
57,CA,Canada,Ontario,2020-03-16,27,35,145,0,1.0,42,0,0.0,0.9,1.5,10749,175950,578,7030,49,C
54,CA,Canada,Manitoba,2020-03-16,25,46,4,3,0.0,0,3,0.0,-8.5,0.0,10749,175950,578,7030,49,C
55,CA,Canada,Newfoundland and Labrador,2020-03-16,0,10,0,1,0.0,0,0,0.0,-13.7,0.0,10749,175950,578,7030,49,D
59,CA,Canada,Saskatchewan,2020-03-16,15,47,1,5,0.0,1,3,0.0,-9.1,0.2,10749,175950,578,7030,49,D
66,CA,Canada,Ontario,2020-03-17,39,35,177,0,1.0,32,0,0.0,4.9,0.4,15523,191473,803,7833,50,C
60,CA,Canada,Alberta,2020-03-17,37,48,74,0,0.0,18,0,0.0,-9.0,0.0,15523,191473,803,7833,50,C
61,CA,Canada,British Columbia,2020-03-17,14,59,103,0,7.0,30,0,3.0,7.0,0.0,15523,191473,803,7833,50,D
62,CA,Canada,Manitoba,2020-03-17,29,46,7,0,0.0,3,0,0.0,-8.6,0.0,15523,191473,803,7833,50,C
63,CA,Canada,New Brunswick,2020-03-17,41,13,2,5,0.0,1,0,0.0,-5.4,0.8,15523,191473,803,7833,50,B
64,CA,Canada,Newfoundland and Labrador,2020-03-17,19,10,0,1,0.0,0,0,0.0,-8.3,0.0,15523,191473,803,7833,50,D
68,CA,Canada,Saskatchewan,2020-03-17,28,47,2,5,0.0,1,0,0.0,-6.3,0.0,15523,191473,803,7833,50,C
67,CA,Canada,Quebec,2020-03-17,54,24,50,0,0.0,11,0,0.0,-3.4,17.0,15523,191473,803,7833,50,B
65,CA,Canada,Nova Scotia,2020-03-17,47,12,0,5,0.0,0,2,0.0,-4.7,5.0,15523,191473,803,7833,50,B
69,CA,Canada,Alberta,2020-03-18,51,48,97,0,0.0,23,0,0.0,-10.9,0.5,18365,209838,946,8779,51,B
70,CA,Canada,British Columbia,2020-03-18,25,59,186,0,7.0,83,0,0.0,6.3,0.0,18365,209838,946,8779,51,C
71,CA,Canada,Manitoba,2020-03-18,38,46,8,7,0.0,1,7,0.0,-12.1,0.0,18365,209838,946,8779,51,C
73,CA,Canada,Newfoundland and Labrador,2020-03-18,33,10,0,3,0.0,0,2,0.0,-6.7,0.5,18365,209838,946,8779,51,C
74,CA,Canada,Nova Scotia,2020-03-18,50,12,1,6,0.0,1,1,0.0,-3.0,3.1,18365,209838,946,8779,51,B
76,CA,Canada,Quebec,2020-03-18,48,24,74,0,1.0,24,0,1.0,-4.7,0.0,18365,209838,946,8779,51,B
77,CA,Canada,Saskatchewan,2020-03-18,36,47,2,6,0.0,0,1,0.0,-7.6,0.9,18365,209838,946,8779,51,C
72,CA,Canada,New Brunswick,2020-03-18,43,13,2,6,0.0,0,1,0.0,-5.5,0.0,18365,209838,946,8779,51,B
75,CA,Canada,Ontario,2020-03-18,47,35,189,0,1.0,12,0,0.0,1.9,2.1,18365,209838,946,8779,51,B
84,CA,Canada,Ontario,2020-03-19,47,35,258,0,2.0,69,0,1.0,4.8,2.3,24256,234094,1061,9840,52,B
78,CA,Canada,Alberta,2020-03-19,61,48,146,0,1.0,49,0,1.0,-11.7,0.0,24256,234094,1061,9840,52,A
79,CA,Canada,British Columbia,2020-03-19,39,59,271,0,8.0,85,0,1.0,7.0,0.0,24256,234094,1061,9840,52,C
80,CA,Canada,Manitoba,2020-03-19,42,46,17,0,0.0,9,0,0.0,-13.2,0.0,24256,234094,1061,9840,52,B
81,CA,Canada,New Brunswick,2020-03-19,43,13,7,4,0.0,5,0,0.0,-4.2,0.0,24256,234094,1061,9840,52,B
82,CA,Canada,Newfoundland and Labrador,2020-03-19,26,10,1,2,0.0,1,0,0.0,-12.2,0.0,24256,234094,1061,9840,52,C
83,CA,Canada,Nova Scotia,2020-03-19,49,12,5,9,0.0,4,3,0.0,-2.8,0.0,24256,234094,1061,9840,52,B
85,CA,Canada,Quebec,2020-03-19,50,24,121,0,1.0,47,0,0.0,-1.2,0.0,24256,234094,1061,9840,52,B
86,CA,Canada,Saskatchewan,2020-03-19,44,47,8,12,0.0,6,6,0.0,-10.7,0.6,24256,234094,1061,9840,52,B
89,CA,Canada,Manitoba,2020-03-20,45,46,17,0,0.0,0,0,0.0,-14.9,0.0,32003,266097,1346,11186,53,B
87,CA,Canada,Alberta,2020-03-20,57,48,195,0,1.0,49,0,0.0,-10.5,0.0,32003,266097,1346,11186,53,B
88,CA,Canada,British Columbia,2020-03-20,44,59,271,0,9.0,0,0,1.0,7.0,0.0,32003,266097,1346,11186,53,B
90,CA,Canada,New Brunswick,2020-03-20,59,13,7,4,0.0,0,0,0.0,3.9,7.5,32003,266097,1346,11186,53,B
91,CA,Canada,Newfoundland and Labrador,2020-03-20,42,10,3,1,0.0,2,0,0.0,-9.9,0.0,32003,266097,1346,11186,53,B
92,CA,Canada,Nova Scotia,2020-03-20,64,12,5,10,0.0,0,1,0.0,8.6,6.4,32003,266097,1346,11186,53,A
93,CA,Canada,Ontario,2020-03-20,57,35,311,0,2.0,53,0,0.0,5.9,4.6,32003,266097,1346,11186,53,B
94,CA,Canada,Quebec,2020-03-20,69,24,139,0,1.0,18,0,0.0,2.5,16.8,32003,266097,1346,11186,53,A
95,CA,Canada,Saskatchewan,2020-03-20,55,47,8,18,0.0,0,6,0.0,-10.9,0.0,32003,266097,1346,11186,53,B
103,CA,Canada,Quebec,2020-03-21,60,24,202,19,4.0,63,19,3.0,-7.2,0.0,26069,292166,1598,12784,54,A
96,CA,Canada,Alberta,2020-03-21,57,48,226,0,1.0,31,0,0.0,-9.2,0.0,26069,292166,1598,12784,54,B
97,CA,Canada,British Columbia,2020-03-21,55,59,424,0,10.0,153,0,1.0,7.8,0.0,26069,292166,1598,12784,54,B
98,CA,Canada,Manitoba,2020-03-21,51,46,11,8,0.0,0,8,0.0,-8.4,0.0,26069,292166,1598,12784,54,B
99,CA,Canada,New Brunswick,2020-03-21,56,13,9,8,0.0,2,4,0.0,-2.7,1.5,26069,292166,1598,12784,54,B
100,CA,Canada,Newfoundland and Labrador,2020-03-21,52,10,3,3,0.0,0,2,0.0,-5.9,0.0,26069,292166,1598,12784,54,B
101,CA,Canada,Nova Scotia,2020-03-21,56,12,9,12,0.0,4,2,0.0,2.0,0.0,26069,292166,1598,12784,54,B
102,CA,Canada,Ontario,2020-03-21,48,35,377,0,3.0,66,0,1.0,-2.9,0.9,26069,292166,1598,12784,54,B
104,CA,Canada,Saskatchewan,2020-03-21,63,47,25,19,0.0,17,1,0.0,-5.2,0.0,26069,292166,1598,12784,54,A
113,CA,Canada,Saskatchewan,2020-03-22,65,47,33,19,0.0,8,0,0.0,-2.1,0.0,1944,294110,160,12944,55,A
106,CA,Canada,British Columbia,2020-03-22,75,59,424,0,10.0,0,0,0.0,6.0,22.0,1944,294110,160,12944,55,A
107,CA,Canada,Manitoba,2020-03-22,57,46,11,8,0.0,0,0,0.0,-2.4,0.0,1944,294110,160,12944,55,B
108,CA,Canada,New Brunswick,2020-03-22,47,13,9,8,0.0,0,0,0.0,-9.7,0.0,1944,294110,160,12944,55,B
109,CA,Canada,Newfoundland and Labrador,2020-03-22,37,10,3,6,0.0,0,3,0.0,-11.0,0.0,1944,294110,160,12944,55,C
110,CA,Canada,Nova Scotia,2020-03-22,45,12,28,0,0.0,19,0,0.0,-6.2,0.1,1944,294110,160,12944,55,B
111,CA,Canada,Ontario,2020-03-22,54,35,425,0,5.0,48,0,2.0,-1.2,0.0,1944,294110,160,12944,55,B
112,CA,Canada,Quebec,2020-03-22,58,24,221,0,4.0,19,0,0.0,-9.1,0.0,1944,294110,160,12944,55,B
105,CA,Canada,Alberta,2020-03-22,63,48,259,0,1.0,33,0,0.0,-4.0,0.0,1944,294110,160,12944,55,A
117,CA,Canada,New Brunswick,2020-03-23,60,13,9,8,0.0,0,0,0.0,-9.2,2.3,40898,335008,1709,14653,56,A
118,CA,Canada,Newfoundland and Labrador,2020-03-23,39,10,4,20,0.0,1,14,0.0,-6.0,0.0,40898,335008,1709,14653,56,C
119,CA,Canada,Nova Scotia,2020-03-23,69,12,41,0,0.0,13,0,0.0,-3.3,0.0,40898,335008,1709,14653,56,A
115,CA,Canada,British Columbia,2020-03-23,82,59,472,0,13.0,48,0,3.0,4.5,0.6,40898,335008,1709,14653,56,A
121,CA,Canada,Quebec,2020-03-23,66,24,221,407,4.0,0,407,0.0,-5.5,1.2,40898,335008,1709,14653,56,A
122,CA,Canada,Saskatchewan,2020-03-23,68,47,65,1,0.0,32,0,0.0,3.6,0.0,40898,335008,1709,14653,56,A
114,CA,Canada,Alberta,2020-03-23,73,48,301,0,1.0,42,0,0.0,1.6,0.0,40898,335008,1709,14653,56,A
120,CA,Canada,Ontario,2020-03-23,65,35,503,0,6.0,78,0,1.0,2.2,12.1,40898,335008,1709,14653,56,A
116,CA,Canada,Manitoba,2020-03-23,55,46,11,9,0.0,0,1,0.0,-1.2,0.0,40898,335008,1709,14653,56,B
125,CA,Canada,Manitoba,2020-03-24,61,46,11,10,0.0,0,1,0.0,2.6,0.0,51862,386870,1941,16594,57,A
123,CA,Canada,Alberta,2020-03-24,83,48,358,0,2.0,57,0,1.0,-3.3,2.0,51862,386870,1941,16594,57,A
124,CA,Canada,British Columbia,2020-03-24,82,59,617,0,13.0,145,0,0.0,6.3,0.0,51862,386870,1941,16594,57,A
126,CA,Canada,New Brunswick,2020-03-24,66,13,18,0,0.0,9,0,0.0,-2.2,6.2,51862,386870,1941,16594,57,A
127,CA,Canada,Newfoundland and Labrador,2020-03-24,59,10,4,31,0.0,0,11,0.0,-2.7,0.2,51862,386870,1941,16594,57,B
128,CA,Canada,Nova Scotia,2020-03-24,81,12,51,0,0.0,10,0,0.0,-1.0,13.8,51862,386870,1941,16594,57,A
129,CA,Canada,Ontario,2020-03-24,60,35,588,0,8.0,85,0,2.0,3.3,0.2,51862,386870,1941,16594,57,A
130,CA,Canada,Quebec,2020-03-24,69,24,221,792,4.0,0,385,0.0,1.0,1.0,51862,386870,1941,16594,57,A
131,CA,Canada,Saskatchewan,2020-03-24,85,47,72,0,0.0,7,0,0.0,1.0,0.0,51862,386870,1941,16594,57,A
136,CA,Canada,Newfoundland and Labrador,2020-03-25,78,10,67,0,0.0,63,0,0.0,-8.8,0.0,29810,416680,1979,18573,58,A
140,CA,Canada,Saskatchewan,2020-03-25,81,47,86,0,0.0,14,0,0.0,-4.4,0.2,29810,416680,1979,18573,58,A
139,CA,Canada,Quebec,2020-03-25,77,24,1339,0,6.0,1118,0,2.0,-0.3,0.0,29810,416680,1979,18573,58,A
138,CA,Canada,Ontario,2020-03-25,65,35,688,0,13.0,100,0,5.0,5.7,1.0,29810,416680,1979,18573,58,A
137,CA,Canada,Nova Scotia,2020-03-25,69,12,68,0,0.0,17,0,0.0,-1.2,0.4,29810,416680,1979,18573,58,A
135,CA,Canada,New Brunswick,2020-03-25,58,13,26,0,0.0,8,0,0.0,-1.7,0.2,29810,416680,1979,18573,58,B
134,CA,Canada,Manitoba,2020-03-25,61,46,11,24,0.0,0,14,0.0,-4.7,0.0,29810,416680,1979,18573,58,A
133,CA,Canada,British Columbia,2020-03-25,74,59,659,0,14.0,42,0,1.0,6.3,6.4,29810,416680,1979,18573,58,A
132,CA,Canada,Alberta,2020-03-25,79,48,419,0,2.0,61,0,0.0,-5.0,0.8,29810,416680,1979,18573,58,A
147,CA,Canada,Ontario,2020-03-26,68,35,858,0,15.0,170,0,2.0,8.9,0.9,54655,471335,2551,21124,59,A
141,CA,Canada,Alberta,2020-03-26,79,48,486,0,2.0,67,0,0.0,-2.2,0.0,54655,471335,2551,21124,59,A
142,CA,Canada,British Columbia,2020-03-26,95,59,725,0,14.0,66,0,0.0,5.0,26.0,54655,471335,2551,21124,59,A
143,CA,Canada,Manitoba,2020-03-26,59,46,11,25,0.0,0,1,0.0,0.0,0.0,54655,471335,2551,21124,59,B
144,CA,Canada,New Brunswick,2020-03-26,61,13,33,0,0.0,7,0,0.0,0.4,0.0,54655,471335,2551,21124,59,A
145,CA,Canada,Newfoundland and Labrador,2020-03-26,59,10,82,0,0.0,15,0,0.0,-5.3,0.0,54655,471335,2551,21124,59,B
146,CA,Canada,Nova Scotia,2020-03-26,77,12,73,0,0.0,5,0,0.0,-1.9,8.8,54655,471335,2551,21124,59,A
149,CA,Canada,Saskatchewan,2020-03-26,76,47,95,0,0.0,9,0,0.0,-0.4,0.0,54655,471335,2551,21124,59,A
148,CA,Canada,Quebec,2020-03-26,80,24,1629,0,8.0,290,0,2.0,1.4,2.0,54655,471335,2551,21124,59,A
152,CA,Canada,Manitoba,2020-03-27,56,46,25,14,1.0,14,0,1.0,1.3,0.0,41366,512701,2353,23477,60,B
151,CA,Canada,British Columbia,2020-03-27,95,59,725,0,14.0,0,0,0.0,5.8,31.6,41366,512701,2353,23477,60,A
150,CA,Canada,Alberta,2020-03-27,78,48,542,0,2.0,56,0,0.0,3.4,0.0,41366,512701,2353,23477,60,A
155,CA,Canada,Nova Scotia,2020-03-27,75,12,90,0,0.0,17,0,0.0,0.5,6.7,41366,512701,2353,23477,60,A
153,CA,Canada,New Brunswick,2020-03-27,67,13,45,0,0.0,12,0,0.0,1.5,0.4,41366,512701,2353,23477,60,A
154,CA,Canada,Newfoundland and Labrador,2020-03-27,79,10,102,0,0.0,20,0,0.0,-1.5,0.0,41366,512701,2353,23477,60,A
158,CA,Canada,Saskatchewan,2020-03-27,76,47,104,0,0.0,9,0,0.0,2.7,0.0,41366,512701,2353,23477,60,A
157,CA,Canada,Quebec,2020-03-27,79,24,2021,0,18.0,392,0,10.0,0.3,3.0,41366,512701,2353,23477,60,A
156,CA,Canada,Ontario,2020-03-27,64,35,993,0,18.0,135,0,3.0,5.9,0.9,41366,512701,2353,23477,60,A
165,CA,Canada,Ontario,2020-03-28,68,35,993,0,18.0,0,0,0.0,5.5,1.1,62724,575425,3151,26628,61,A
166,CA,Canada,Quebec,2020-03-28,74,24,2498,0,22.0,477,0,4.0,2.5,0.0,62724,575425,3151,26628,61,A
167,CA,Canada,Saskatchewan,2020-03-28,73,47,134,0,0.0,30,0,0.0,4.6,0.0,62724,575425,3151,26628,61,A
161,CA,Canada,Manitoba,2020-03-28,54,46,25,39,1.0,0,25,0.0,3.8,0.0,62724,575425,3151,26628,61,B
160,CA,Canada,British Columbia,2020-03-28,100,59,884,0,16.0,159,0,2.0,6.5,41.6,62724,575425,3151,26628,61,A
159,CA,Canada,Alberta,2020-03-28,85,48,542,0,2.0,0,0,0.0,2.7,0.0,62724,575425,3151,26628,61,A
164,CA,Canada,Nova Scotia,2020-03-28,67,12,110,0,0.0,20,0,0.0,-1.7,1.1,62724,575425,3151,26628,61,A
162,CA,Canada,New Brunswick,2020-03-28,56,13,51,0,0.0,6,0,0.0,1.6,0.0,62724,575425,3151,26628,61,B
163,CA,Canada,Newfoundland and Labrador,2020-03-28,60,10,120,0,0.0,18,0,0.0,-0.4,4.5,62724,575425,3151,26628,61,A
669,CA,Canada,Quebec,2020-03-29,87,24,2840,0,22.0,342,0,0.0,3.4,20.0,62705,638130,3369,29997,62,A
663,CA,Canada,British Columbia,2020-03-29,78,59,884,0,17.0,0,0,1.0,6.8,17.4,62705,638130,3369,29997,62,A
664,CA,Canada,Manitoba,2020-03-29,57,46,69,3,1.0,44,0,0.0,0.7,0.0,62705,638130,3369,29997,62,B
665,CA,Canada,New Brunswick,2020-03-29,43,13,66,0,0.0,15,0,0.0,0.3,0.0,62705,638130,3369,29997,62,B
666,CA,Canada,Newfoundland and Labrador,2020-03-29,61,10,135,0,0.0,15,0,0.0,-6.7,0.0,62705,638130,3369,29997,62,A
667,CA,Canada,Nova Scotia,2020-03-29,48,12,122,0,0.0,12,0,0.0,-2.5,0.0,62705,638130,3369,29997,62,B
668,CA,Canada,Ontario,2020-03-29,66,35,1355,0,19.0,362,0,1.0,11.7,11.3,62705,638130,3369,29997,62,A
670,CA,Canada,Saskatchewan,2020-03-29,68,47,134,0,0.0,0,0,0.0,5.1,0.0,62705,638130,3369,29997,62,A
168,CA,Canada,Alberta,2020-03-30,92,48,690,0,8.0,69,0,6.0,0.8,0.0,59160,697290,3218,33215,63,A
175,CA,Canada,Quebec,2020-03-30,87,24,3430,0,25.0,590,0,3.0,1.8,11.0,59160,697290,3218,33215,63,A
174,CA,Canada,Ontario,2020-03-30,73,35,1706,0,33.0,351,0,14.0,7.6,2.5,59160,697290,3218,33215,63,A
173,CA,Canada,Nova Scotia,2020-03-30,73,12,127,0,0.0,5,0,0.0,-0.2,0.0,59160,697290,3218,33215,63,A
176,CA,Canada,Saskatchewan,2020-03-30,74,47,175,0,2.0,41,0,2.0,8.3,0.0,59160,697290,3218,33215,63,A
171,CA,Canada,New Brunswick,2020-03-30,65,13,68,0,0.0,2,0,0.0,0.3,0.0,59160,697290,3218,33215,63,A
170,CA,Canada,Manitoba,2020-03-30,55,46,83,13,1.0,14,10,0.0,6.1,0.0,59160,697290,3218,33215,63,B
169,CA,Canada,British Columbia,2020-03-30,92,59,960,0,19.0,76,0,2.0,3.3,22.6,59160,697290,3218,33215,63,A
172,CA,Canada,Newfoundland and Labrador,2020-03-30,66,10,148,0,1.0,13,0,1.0,-7.1,0.0,59160,697290,3218,33215,63,A
180,CA,Canada,New Brunswick,2020-03-31,65,13,70,0,0.0,2,0,0.0,-0.5,0.2,57643,754933,3307,36522,64,A
177,CA,Canada,Alberta,2020-03-31,93,48,754,0,9.0,64,0,1.0,-5.8,0.4,57643,754933,3307,36522,64,A
178,CA,Canada,British Columbia,2020-03-31,80,59,970,0,19.0,10,0,0.0,5.5,0.4,57643,754933,3307,36522,64,A
179,CA,Canada,Manitoba,2020-03-31,52,46,91,12,1.0,8,0,0.0,8.7,2.2,57643,754933,3307,36522,64,B
185,CA,Canada,Saskatchewan,2020-03-31,85,47,184,0,2.0,9,0,0.0,-0.7,0.0,57643,754933,3307,36522,64,A
184,CA,Canada,Quebec,2020-03-31,73,24,4162,0,31.0,732,0,6.0,2.2,0.0,57643,754933,3307,36522,64,A
183,CA,Canada,Ontario,2020-03-31,67,35,1966,0,33.0,260,0,0.0,5.4,0.3,57643,754933,3307,36522,64,A
182,CA,Canada,Nova Scotia,2020-03-31,74,12,147,0,0.0,20,0,0.0,2.4,0.0,57643,754933,3307,36522,64,A
181,CA,Canada,Newfoundland and Labrador,2020-03-31,66,10,152,0,1.0,4,0,0.0,-4.5,1.0,57643,754933,3307,36522,64,A
194,CA,Canada,Saskatchewan,2020-04-01,88,47,193,0,3.0,9,0,1.0,-10.8,0.2,72471,827404,4190,40712,65,A
186,CA,Canada,Alberta,2020-04-01,87,48,754,0,9.0,0,0,0.0,-13.3,0.0,72471,827404,4190,40712,65,A
187,CA,Canada,British Columbia,2020-04-01,83,59,1066,0,25.0,96,0,6.0,4.8,0.0,72471,827404,4190,40712,65,A
188,CA,Canada,Manitoba,2020-04-01,64,46,109,18,1.0,18,6,0.0,-1.2,15.2,72471,827404,4190,40712,65,A
189,CA,Canada,New Brunswick,2020-04-01,68,13,81,0,0.0,11,0,0.0,0.9,9.0,72471,827404,4190,40712,65,A
190,CA,Canada,Newfoundland and Labrador,2020-04-01,64,10,175,0,1.0,23,0,0.0,0.6,13.3,72471,827404,4190,40712,65,A
191,CA,Canada,Nova Scotia,2020-04-01,75,12,173,0,0.0,26,0,0.0,5.0,1.5,72471,827404,4190,40712,65,A
192,CA,Canada,Ontario,2020-04-01,64,35,2392,0,37.0,426,0,4.0,6.1,0.6,72471,827404,4190,40712,65,A
193,CA,Canada,Quebec,2020-04-01,80,24,4611,0,33.0,449,0,2.0,1.6,1.1,72471,827404,4190,40712,65,A
203,CA,Canada,Saskatchewan,2020-04-02,85,47,206,0,3.0,13,0,0.0,-11.7,0.2,72901,900305,4912,45624,66,A
202,CA,Canada,Quebec,2020-04-02,87,24,5518,0,36.0,907,0,3.0,4.3,12.2,72901,900305,4912,45624,66,A
201,CA,Canada,Ontario,2020-04-02,64,35,2793,0,53.0,401,0,16.0,8.8,1.1,72901,900305,4912,45624,66,A
200,CA,Canada,Nova Scotia,2020-04-02,78,12,193,0,0.0,20,0,0.0,5.9,0.2,72901,900305,4912,45624,66,A
199,CA,Canada,Newfoundland and Labrador,2020-04-02,67,10,183,0,1.0,8,0,0.0,-1.0,3.2,72901,900305,4912,45624,66,A
196,CA,Canada,British Columbia,2020-04-02,87,59,1121,0,31.0,55,0,6.0,4.8,2.0,72901,900305,4912,45624,66,A
197,CA,Canada,Manitoba,2020-04-02,81,46,152,15,1.0,43,0,0.0,-9.8,1.6,72901,900305,4912,45624,66,A
195,CA,Canada,Alberta,2020-04-02,90,48,968,0,13.0,214,0,4.0,-11.1,0.0,72901,900305,4912,45624,66,A
198,CA,Canada,New Brunswick,2020-04-02,68,13,91,0,0.0,10,0,0.0,2.9,5.9,72901,900305,4912,45624,66,A
210,CA,Canada,Ontario,2020-04-03,71,35,3255,0,67.0,462,0,14.0,7.5,1.4,75944,976249,4790,50414,67,A
212,CA,Canada,Saskatchewan,2020-04-03,81,47,220,0,3.0,14,0,0.0,-7.8,0.0,75944,976249,4790,50414,67,A
211,CA,Canada,Quebec,2020-04-03,88,24,6101,0,61.0,583,0,25.0,5.4,0.0,75944,976249,4790,50414,67,A
209,CA,Canada,Nova Scotia,2020-04-03,77,12,207,0,0.0,14,0,0.0,4.3,0.0,75944,976249,4790,50414,67,A
208,CA,Canada,Newfoundland and Labrador,2020-04-03,67,10,183,0,1.0,0,0,0.0,-5.1,0.0,75944,976249,4790,50414,67,A
206,CA,Canada,Manitoba,2020-04-03,79,46,164,18,2.0,12,3,1.0,-13.6,0.2,75944,976249,4790,50414,67,A
205,CA,Canada,British Columbia,2020-04-03,87,59,1174,0,35.0,53,0,4.0,3.8,1.2,75944,976249,4790,50414,67,A
204,CA,Canada,Alberta,2020-04-03,92,48,1075,0,18.0,107,0,5.0,-6.1,0.0,75944,976249,4790,50414,67,A
207,CA,Canada,New Brunswick,2020-04-03,68,13,95,0,0.0,4,0,0.0,2.1,0.0,75944,976249,4790,50414,67,A
221,CA,Canada,Saskatchewan,2020-04-04,90,47,231,0,3.0,11,0,0.0,-2.8,0.0,79908,1056157,6716,57130,68,A
213,CA,Canada,Alberta,2020-04-04,81,48,1075,0,18.0,0,0,0.0,-6.0,1.0,79908,1056157,6716,57130,68,A
214,CA,Canada,British Columbia,2020-04-04,85,59,1203,0,38.0,29,0,3.0,5.0,0.0,79908,1056157,6716,57130,68,A
215,CA,Canada,Manitoba,2020-04-04,69,46,172,22,2.0,8,4,0.0,-10.8,0.0,79908,1056157,6716,57130,68,A
216,CA,Canada,New Brunswick,2020-04-04,63,13,98,0,0.0,3,0,0.0,1.9,0.0,79908,1056157,6716,57130,68,A
217,CA,Canada,Newfoundland and Labrador,2020-04-04,63,10,195,0,1.0,12,0,0.0,-4.9,0.0,79908,1056157,6716,57130,68,A
218,CA,Canada,Nova Scotia,2020-04-04,74,12,236,0,0.0,29,0,0.0,1.3,0.0,79908,1056157,6716,57130,68,A
219,CA,Canada,Ontario,2020-04-04,65,35,3630,0,94.0,375,0,27.0,9.0,0.0,79908,1056157,6716,57130,68,A
220,CA,Canada,Quebec,2020-04-04,69,24,6997,0,75.0,896,0,14.0,3.2,0.0,79908,1056157,6716,57130,68,A
222,CA,Canada,Alberta,2020-04-05,95,48,1250,0,23.0,175,0,5.0,-7.1,0.0,80692,1136849,5749,62879,69,A
223,CA,Canada,British Columbia,2020-04-05,79,59,1203,0,38.0,0,0,0.0,6.0,0.0,80692,1136849,5749,62879,69,A
224,CA,Canada,Manitoba,2020-04-05,66,46,187,16,2.0,15,0,0.0,-1.4,0.0,80692,1136849,5749,62879,69,A
226,CA,Canada,Newfoundland and Labrador,2020-04-05,49,10,217,0,1.0,22,0,0.0,-8.3,0.0,80692,1136849,5749,62879,69,B
227,CA,Canada,Nova Scotia,2020-04-05,54,12,262,0,0.0,26,0,0.0,-0.2,0.0,80692,1136849,5749,62879,69,B
228,CA,Canada,Ontario,2020-04-05,65,35,4038,0,119.0,408,0,25.0,7.4,0.0,80692,1136849,5749,62879,69,A
229,CA,Canada,Quebec,2020-04-05,100,24,7944,0,94.0,947,0,19.0,4.2,0.0,80692,1136849,5749,62879,69,A
230,CA,Canada,Saskatchewan,2020-04-05,84,47,249,0,3.0,18,0,0.0,-2.1,0.0,80692,1136849,5749,62879,69,A
225,CA,Canada,New Brunswick,2020-04-05,47,13,101,0,0.0,3,0,0.0,4.6,0.3,80692,1136849,5749,62879,69,B
238,CA,Canada,Quebec,2020-04-06,69,24,8580,0,121.0,636,0,27.0,3.7,0.0,77617,1214466,4811,67690,70,A
231,CA,Canada,Alberta,2020-04-06,82,48,1348,0,24.0,98,0,1.0,-3.4,5.0,77617,1214466,4811,67690,70,A
232,CA,Canada,British Columbia,2020-04-06,78,59,1266,0,39.0,63,0,1.0,5.5,1.6,77617,1214466,4811,67690,70,A
233,CA,Canada,Manitoba,2020-04-06,63,46,190,14,2.0,3,0,0.0,3.1,0.0,77617,1214466,4811,67690,70,A
234,CA,Canada,New Brunswick,2020-04-06,62,13,103,0,0.0,2,0,0.0,2.3,0.0,77617,1214466,4811,67690,70,A
235,CA,Canada,Newfoundland and Labrador,2020-04-06,56,10,226,0,2.0,9,0,1.0,-9.3,0.0,77617,1214466,4811,67690,70,B
236,CA,Canada,Nova Scotia,2020-04-06,73,12,293,0,0.0,31,0,0.0,2.0,2.6,77617,1214466,4811,67690,70,A
237,CA,Canada,Ontario,2020-04-06,66,35,4347,0,132.0,309,0,13.0,7.2,1.5,77617,1214466,4811,67690,70,A
239,CA,Canada,Saskatchewan,2020-04-06,85,47,253,0,3.0,4,0,0.0,4.2,0.0,77617,1214466,4811,67690,70,A
240,CA,Canada,Alberta,2020-04-07,86,48,1373,0,26.0,25,0,2.0,-3.2,0.0,68465,1282931,5009,72699,71,A
241,CA,Canada,British Columbia,2020-04-07,69,59,1291,0,43.0,25,0,4.0,6.3,0.4,68465,1282931,5009,72699,71,A
242,CA,Canada,Manitoba,2020-04-07,60,46,203,14,3.0,13,0,1.0,4.1,0.0,68465,1282931,5009,72699,71,A
243,CA,Canada,New Brunswick,2020-04-07,62,13,105,0,0.0,2,0,0.0,0.0,0.0,68465,1282931,5009,72699,71,A
244,CA,Canada,Newfoundland and Labrador,2020-04-07,62,10,228,0,2.0,2,0,0.0,-4.8,0.0,68465,1282931,5009,72699,71,A
245,CA,Canada,Nova Scotia,2020-04-07,73,12,310,0,0.0,17,0,0.0,-0.7,0.0,68465,1282931,5009,72699,71,A
246,CA,Canada,Ontario,2020-04-07,68,35,4726,0,153.0,379,0,21.0,9.5,6.0,68465,1282931,5009,72699,71,A
247,CA,Canada,Quebec,2020-04-07,73,24,9340,0,150.0,760,0,29.0,1.4,0.0,68465,1282931,5009,72699,71,A
248,CA,Canada,Saskatchewan,2020-04-07,73,47,260,0,3.0,7,0,0.0,4.0,0.0,68465,1282931,5009,72699,71,A
257,CA,Canada,Saskatchewan,2020-04-08,80,47,271,0,3.0,11,0,0.0,1.6,0.0,73849,1356780,6685,79384,72,A
256,CA,Canada,Quebec,2020-04-08,78,24,10031,0,175.0,691,0,25.0,0.6,0.0,73849,1356780,6685,79384,72,A
255,CA,Canada,Ontario,2020-04-08,64,35,5276,0,174.0,550,0,21.0,10.4,0.5,73849,1356780,6685,79384,72,A
254,CA,Canada,Nova Scotia,2020-04-08,71,12,342,0,1.0,32,0,1.0,-2.3,0.3,73849,1356780,6685,79384,72,A
249,CA,Canada,Alberta,2020-04-08,76,48,1423,0,29.0,50,0,3.0,-0.9,0.0,73849,1356780,6685,79384,72,A
250,CA,Canada,British Columbia,2020-04-08,72,59,1336,0,48.0,45,0,5.0,6.8,0.0,73849,1356780,6685,79384,72,A
252,CA,Canada,New Brunswick,2020-04-08,58,13,108,0,0.0,3,0,0.0,-0.9,0.0,73849,1356780,6685,79384,72,B
253,CA,Canada,Newfoundland and Labrador,2020-04-08,56,10,232,0,2.0,4,0,0.0,-5.8,0.0,73849,1356780,6685,79384,72,B
251,CA,Canada,Manitoba,2020-04-08,64,46,206,15,3.0,3,1,0.0,0.3,0.2,73849,1356780,6685,79384,72,A
258,CA,Canada,Alberta,2020-04-09,59,48,1451,0,32.0,28,0,3.0,1.5,0.0,82736,1439516,6325,85709,73,B
259,CA,Canada,British Columbia,2020-04-09,60,59,1370,0,50.0,34,0,2.0,7.0,0.8,82736,1439516,6325,85709,73,A
260,CA,Canada,Manitoba,2020-04-09,44,46,207,17,3.0,1,2,0.0,-1.3,0.0,82736,1439516,6325,85709,73,B
261,CA,Canada,New Brunswick,2020-04-09,51,13,111,0,0.0,3,0,0.0,-0.4,2.9,82736,1439516,6325,85709,73,B
262,CA,Canada,Newfoundland and Labrador,2020-04-09,48,10,236,0,3.0,4,0,1.0,-3.9,0.0,82736,1439516,6325,85709,73,B
263,CA,Canada,Nova Scotia,2020-04-09,63,12,373,0,2.0,31,0,1.0,-1.3,0.0,82736,1439516,6325,85709,73,A
264,CA,Canada,Ontario,2020-04-09,59,35,5759,0,200.0,483,0,26.0,6.1,8.8,82736,1439516,6325,85709,73,B
265,CA,Canada,Quebec,2020-04-09,86,24,10912,0,216.0,881,0,41.0,0.7,15.0,82736,1439516,6325,85709,73,A
266,CA,Canada,Saskatchewan,2020-04-09,50,47,278,0,3.0,7,0,0.0,-2.3,0.0,82736,1439516,6325,85709,73,B
270,CA,Canada,New Brunswick,2020-04-10,100,13,112,0,0.0,1,0,0.0,-0.6,15.1,84635,1524151,7231,92940,74,A
271,CA,Canada,Newfoundland and Labrador,2020-04-10,100,10,239,0,3.0,3,0,0.0,0.9,0.0,84635,1524151,7231,92940,74,A
269,CA,Canada,Manitoba,2020-04-10,100,46,215,15,4.0,8,0,1.0,4.5,0.0,84635,1524151,7231,92940,74,A
275,CA,Canada,Saskatchewan,2020-04-10,100,47,285,0,3.0,7,0,0.0,4.7,0.0,84635,1524151,7231,92940,74,A
274,CA,Canada,Quebec,2020-04-10,91,24,11677,0,241.0,765,0,25.0,1.2,5.0,84635,1524151,7231,92940,74,A
272,CA,Canada,Nova Scotia,2020-04-10,100,12,407,0,2.0,34,0,0.0,5.3,7.1,84635,1524151,7231,92940,74,A
268,CA,Canada,British Columbia,2020-04-10,79,59,1410,0,55.0,40,0,5.0,9.5,0.4,84635,1524151,7231,92940,74,A
267,CA,Canada,Alberta,2020-04-10,100,48,1500,0,39.0,49,0,7.0,2.6,0.0,84635,1524151,7231,92940,74,A
273,CA,Canada,Ontario,2020-04-10,100,35,6237,0,222.0,478,0,22.0,4.5,0.2,84635,1524151,7231,92940,74,A
280,CA,Canada,Newfoundland and Labrador,2020-04-11,55,10,241,0,3.0,2,0,0.0,1.1,0.9,90778,1614929,6946,99886,75,B
276,CA,Canada,Alberta,2020-04-11,80,48,1569,0,40.0,69,0,1.0,-5.0,0.0,90778,1614929,6946,99886,75,A
277,CA,Canada,British Columbia,2020-04-11,74,59,1445,0,58.0,35,0,3.0,8.8,0.0,90778,1614929,6946,99886,75,A
279,CA,Canada,New Brunswick,2020-04-11,59,13,112,0,0.0,0,0,0.0,0.7,0.0,90778,1614929,6946,99886,75,B
281,CA,Canada,Nova Scotia,2020-04-11,71,12,428,0,2.0,21,0,0.0,1.5,3.7,90778,1614929,6946,99886,75,A
278,CA,Canada,Manitoba,2020-04-11,55,46,226,17,4.0,11,2,0.0,-0.6,0.0,90778,1614929,6946,99886,75,B
283,CA,Canada,Quebec,2020-04-11,76,24,12292,0,289.0,615,0,48.0,2.7,0.0,90778,1614929,6946,99886,75,A
284,CA,Canada,Saskatchewan,2020-04-11,78,47,289,0,4.0,4,0,1.0,-3.2,0.0,90778,1614929,6946,99886,75,A
282,CA,Canada,Ontario,2020-04-11,59,35,6648,0,253.0,411,0,31.0,4.8,1.0,90778,1614929,6946,99886,75,B
285,CA,Canada,Alberta,2020-04-12,99,48,1651,0,44.0,82,0,4.0,-6.6,0.4,84634,1699563,6250,106136,76,A
287,CA,Canada,Manitoba,2020-04-12,87,46,226,16,4.0,0,0,0.0,-3.9,0.2,84634,1699563,6250,106136,76,A
288,CA,Canada,New Brunswick,2020-04-12,64,13,114,0,0.0,2,0,0.0,3.1,0.0,84634,1699563,6250,106136,76,A
289,CA,Canada,Newfoundland and Labrador,2020-04-12,65,10,242,0,3.0,1,0,0.0,0.1,1.3,84634,1699563,6250,106136,76,A
290,CA,Canada,Nova Scotia,2020-04-12,73,12,445,0,2.0,17,0,0.0,3.4,0.0,84634,1699563,6250,106136,76,A
291,CA,Canada,Ontario,2020-04-12,83,35,7049,0,274.0,401,0,21.0,9.0,0.2,84634,1699563,6250,106136,76,A
292,CA,Canada,Quebec,2020-04-12,89,24,12846,0,328.0,554,0,39.0,4.4,0.0,84634,1699563,6250,106136,76,A
293,CA,Canada,Saskatchewan,2020-04-12,95,47,296,2,4.0,7,2,0.0,-6.2,0.0,84634,1699563,6250,106136,76,A
286,CA,Canada,British Columbia,2020-04-12,79,59,1445,0,58.0,0,0,0.0,9.5,0.0,84634,1699563,6250,106136,76,A
297,CA,Canada,New Brunswick,2020-04-13,71,13,116,0,0.0,2,0,0.0,5.5,23.9,77274,1776837,5692,111828,77,A
294,CA,Canada,Alberta,2020-04-13,85,48,1732,0,46.0,81,0,2.0,-5.7,0.0,77274,1776837,5692,111828,77,A
295,CA,Canada,British Columbia,2020-04-13,81,59,1490,0,69.0,45,0,11.0,7.5,0.0,77274,1776837,5692,111828,77,A
302,CA,Canada,Saskatchewan,2020-04-13,87,47,300,0,4.0,4,0,0.0,-8.3,0.2,77274,1776837,5692,111828,77,A
301,CA,Canada,Quebec,2020-04-13,96,24,13557,0,360.0,711,0,32.0,6.0,32.1,77274,1776837,5692,111828,77,A
300,CA,Canada,Ontario,2020-04-13,77,35,7470,0,291.0,421,0,17.0,9.1,14.8,77274,1776837,5692,111828,77,A
299,CA,Canada,Nova Scotia,2020-04-13,79,12,474,0,3.0,29,0,1.0,8.8,10.3,77274,1776837,5692,111828,77,A
298,CA,Canada,Newfoundland and Labrador,2020-04-13,44,10,244,0,3.0,2,0,0.0,2.9,0.0,77274,1776837,5692,111828,77,B
296,CA,Canada,Manitoba,2020-04-13,69,46,229,17,4.0,3,1,0.0,-9.1,0.9,77274,1776837,5692,111828,77,A
678,CA,Canada,Saskatchewan,2020-04-14,70,47,301,0,4.0,1,0,0.0,-5.9,0.2,71545,1848382,5389,117217,78,A
671,CA,Canada,British Columbia,2020-04-14,69,59,1517,0,72.0,27,0,3.0,10.5,0.0,71545,1848382,5389,117217,78,A
672,CA,Canada,Manitoba,2020-04-14,62,46,229,17,4.0,0,0,0.0,-7.0,0.0,71545,1848382,5389,117217,78,A
673,CA,Canada,New Brunswick,2020-04-14,57,13,116,0,0.0,0,0,0.0,4.9,0.3,71545,1848382,5389,117217,78,B
674,CA,Canada,Newfoundland and Labrador,2020-04-14,68,10,244,0,3.0,0,0,0.0,5.3,7.2,71545,1848382,5389,117217,78,A
675,CA,Canada,Nova Scotia,2020-04-14,72,12,517,0,3.0,43,0,0.0,7.9,2.5,71545,1848382,5389,117217,78,A
676,CA,Canada,Ontario,2020-04-14,68,35,7953,0,334.0,483,0,43.0,4.0,0.8,71545,1848382,5389,117217,78,A
677,CA,Canada,Quebec,2020-04-14,77,24,14248,0,435.0,691,0,75.0,3.4,0.0,71545,1848382,5389,117217,78,A
305,CA,Canada,Manitoba,2020-04-15,59,46,231,17,5.0,2,0,1.0,-3.8,0.0,73220,1921602,5909,123126,79,B
303,CA,Canada,Alberta,2020-04-15,82,48,1996,0,48.0,126,0,0.0,-1.4,0.0,73220,1921602,5909,123126,79,A
304,CA,Canada,British Columbia,2020-04-15,66,59,1561,0,75.0,44,0,3.0,10.5,0.0,73220,1921602,5909,123126,79,A
306,CA,Canada,New Brunswick,2020-04-15,58,13,117,0,0.0,1,0,0.0,3.5,0.2,73220,1921602,5909,123126,79,B
307,CA,Canada,Nova Scotia,2020-04-15,75,12,549,0,3.0,32,0,0.0,3.0,0.0,73220,1921602,5909,123126,79,A
308,CA,Canada,Ontario,2020-04-15,71,35,8447,0,385.0,494,0,51.0,2.0,1.1,73220,1921602,5909,123126,79,A
309,CA,Canada,Quebec,2020-04-15,78,24,14860,0,487.0,612,0,52.0,1.2,1.0,73220,1921602,5909,123126,79,A
310,CA,Canada,Saskatchewan,2020-04-15,68,47,304,0,4.0,3,0,0.0,-2.4,0.7,73220,1921602,5909,123126,79,A
312,CA,Canada,British Columbia,2020-04-16,65,59,1561,0,75.0,0,0,0.0,11.0,0.0,76794,1998396,7908,131034,80,A
311,CA,Canada,Alberta,2020-04-16,68,48,2158,0,50.0,162,0,2.0,1.8,0.0,76794,1998396,7908,131034,80,A
313,CA,Canada,Manitoba,2020-04-16,58,46,239,11,5.0,8,0,0.0,-1.9,0.0,76794,1998396,7908,131034,80,B
314,CA,Canada,New Brunswick,2020-04-16,60,13,117,0,0.0,0,0,0.0,-0.2,0.0,76794,1998396,7908,131034,80,A
315,CA,Canada,Nova Scotia,2020-04-16,71,12,579,0,3.0,30,0,0.0,-0.5,4.7,76794,1998396,7908,131034,80,A
316,CA,Canada,Ontario,2020-04-16,71,35,8961,0,423.0,514,0,38.0,1.6,0.7,76794,1998396,7908,131034,80,A
317,CA,Canada,Quebec,2020-04-16,79,24,15857,0,630.0,997,0,143.0,-0.4,0.0,76794,1998396,7908,131034,80,A
318,CA,Canada,Saskatchewan,2020-04-16,67,47,305,0,4.0,1,0,0.0,-3.9,0.0,76794,1998396,7908,131034,80,A
319,CA,Canada,Alberta,2020-04-17,80,48,2397,0,50.0,239,0,0.0,5.1,0.0,81839,2080235,12532,143566,81,A
322,CA,Canada,New Brunswick,2020-04-17,64,13,117,0,0.0,0,0,0.0,0.0,0.0,81839,2080235,12532,143566,81,A
320,CA,Canada,British Columbia,2020-04-17,76,59,1575,0,77.0,14,0,2.0,10.3,0.0,81839,2080235,12532,143566,81,A
321,CA,Canada,Manitoba,2020-04-17,57,46,239,11,5.0,0,0,0.0,2.6,0.0,81839,2080235,12532,143566,81,B
324,CA,Canada,Nova Scotia,2020-04-17,75,12,606,0,4.0,27,0,1.0,-0.7,0.0,81839,2080235,12532,143566,81,A
325,CA,Canada,Ontario,2020-04-17,73,35,9525,0,478.0,564,0,55.0,2.5,0.9,81839,2080235,12532,143566,81,A
326,CA,Canada,Quebec,2020-04-17,84,24,16798,0,688.0,941,0,58.0,0.3,0.0,81839,2080235,12532,143566,81,A
327,CA,Canada,Saskatchewan,2020-04-17,74,47,306,1,4.0,1,1,0.0,5.5,0.0,81839,2080235,12532,143566,81,A
323,CA,Canada,Newfoundland and Labrador,2020-04-17,60,10,256,0,3.0,4,0,0.0,-7.0,0.0,81839,2080235,12532,143566,81,A
334,CA,Canada,Quebec,2020-04-18,66,24,17521,0,805.0,723,0,117.0,1.7,0.0,84353,2164588,6536,150102,82,A
328,CA,Canada,Alberta,2020-04-18,73,48,2562,0,51.0,165,0,1.0,1.1,0.0,84353,2164588,6536,150102,82,A
329,CA,Canada,British Columbia,2020-04-18,68,59,1618,0,78.0,43,0,1.0,10.3,0.0,84353,2164588,6536,150102,82,A
330,CA,Canada,Manitoba,2020-04-18,63,46,243,10,5.0,4,0,0.0,2.3,0.0,84353,2164588,6536,150102,82,A
331,CA,Canada,Newfoundland and Labrador,2020-04-18,54,10,257,0,3.0,1,0,0.0,-4.9,0.0,84353,2164588,6536,150102,82,B
332,CA,Canada,Nova Scotia,2020-04-18,74,12,649,0,7.0,43,0,3.0,1.9,0.0,84353,2164588,6536,150102,82,A
333,CA,Canada,Ontario,2020-04-18,62,35,10010,0,514.0,485,0,36.0,5.0,1.4,84353,2164588,6536,150102,82,A
335,CA,Canada,Saskatchewan,2020-04-18,73,47,310,3,4.0,4,2,0.0,-1.3,0.0,84353,2164588,6536,150102,82,A
342,CA,Canada,Ontario,2020-04-19,71,35,10578,0,553.0,568,0,39.0,6.8,0.0,78522,2243110,6901,157003,83,A
341,CA,Canada,Nova Scotia,2020-04-19,61,12,675,0,9.0,26,0,2.0,-0.3,2.6,78522,2243110,6901,157003,83,A
340,CA,Canada,Newfoundland and Labrador,2020-04-19,73,10,257,0,3.0,0,0,0.0,-0.2,0.0,78522,2243110,6901,157003,83,A
344,CA,Canada,Saskatchewan,2020-04-19,63,47,314,1,4.0,4,0,0.0,2.2,0.0,78522,2243110,6901,157003,83,A
338,CA,Canada,Manitoba,2020-04-19,62,46,245,8,5.0,2,0,0.0,3.1,0.0,78522,2243110,6901,157003,83,A
337,CA,Canada,British Columbia,2020-04-19,69,59,1618,0,78.0,0,0,0.0,10.0,0.2,78522,2243110,6901,157003,83,A
336,CA,Canada,Alberta,2020-04-19,63,48,2562,0,51.0,0,0,0.0,6.2,0.0,78522,2243110,6901,157003,83,A
339,CA,Canada,New Brunswick,2020-04-19,40,13,118,0,0.0,0,0,0.0,3.6,0.0,78522,2243110,6901,157003,83,B
343,CA,Canada,Quebec,2020-04-19,99,24,18357,0,877.0,836,0,72.0,3.4,6.0,78522,2243110,6901,157003,83,A
347,CA,Canada,Manitoba,2020-04-20,63,46,246,8,6.0,1,0,1.0,0.5,0.0,70345,2313455,5261,162264,84,A
352,CA,Canada,Quebec,2020-04-20,62,24,19319,0,939.0,962,0,62.0,-0.7,0.0,70345,2313455,5261,162264,84,A
353,CA,Canada,Saskatchewan,2020-04-20,62,47,316,0,4.0,2,0,0.0,6.6,0.0,70345,2313455,5261,162264,84,A
351,CA,Canada,Ontario,2020-04-20,66,35,11184,0,584.0,606,0,31.0,2.9,0.8,70345,2313455,5261,162264,84,A
350,CA,Canada,Nova Scotia,2020-04-20,71,12,721,0,9.0,46,0,0.0,3.6,0.0,70345,2313455,5261,162264,84,A
349,CA,Canada,Newfoundland and Labrador,2020-04-20,52,10,257,0,3.0,0,0,0.0,-0.8,11.6,70345,2313455,5261,162264,84,B
345,CA,Canada,Alberta,2020-04-20,64,48,2908,0,59.0,346,0,8.0,13.2,0.0,70345,2313455,5261,162264,84,A
346,CA,Canada,British Columbia,2020-04-20,68,59,1699,0,86.0,81,0,8.0,9.5,0.4,70345,2313455,5261,162264,84,A
348,CA,Canada,New Brunswick,2020-04-20,57,13,118,0,0.0,0,0,0.0,1.0,0.0,70345,2313455,5261,162264,84,B
686,CA,Canada,Saskatchewan,2020-04-21,51,47,320,0,4.0,4,0,0.0,13.6,0.0,83101,2396556,5238,167502,85,B
685,CA,Canada,Quebec,2020-04-21,82,24,20126,0,1041.0,807,0,102.0,3.2,7.0,83101,2396556,5238,167502,85,A
680,CA,Canada,Manitoba,2020-04-21,60,46,246,9,6.0,0,1,0.0,1.1,0.0,83101,2396556,5238,167502,85,A
681,CA,Canada,New Brunswick,2020-04-21,54,13,118,0,0.0,0,0,0.0,2.5,0.3,83101,2396556,5238,167502,85,B
682,CA,Canada,Newfoundland and Labrador,2020-04-21,62,10,257,0,3.0,0,0,0.0,0.5,10.7,83101,2396556,5238,167502,85,A
683,CA,Canada,Nova Scotia,2020-04-21,70,12,737,0,10.0,16,0,1.0,1.9,0.0,83101,2396556,5238,167502,85,A
679,CA,Canada,British Columbia,2020-04-21,70,59,1724,0,87.0,25,0,1.0,9.8,2.6,83101,2396556,5238,167502,85,A
684,CA,Canada,Ontario,2020-04-21,74,35,11735,0,622.0,551,0,38.0,3.4,0.8,83101,2396556,5238,167502,85,A
354,CA,Canada,Alberta,2020-04-22,72,48,3401,0,66.0,306,0,5.0,10.1,0.0,72107,2468663,6495,173997,86,A
355,CA,Canada,British Columbia,2020-04-22,83,59,1795,0,90.0,71,0,3.0,11.3,2.2,72107,2468663,6495,173997,86,A
356,CA,Canada,Manitoba,2020-04-22,52,46,246,11,6.0,0,2,0.0,5.9,0.0,72107,2468663,6495,173997,86,B
357,CA,Canada,New Brunswick,2020-04-22,63,13,118,0,0.0,0,0,0.0,0.2,3.6,72107,2468663,6495,173997,86,A
358,CA,Canada,Newfoundland and Labrador,2020-04-22,49,10,256,0,3.0,0,0,0.0,1.6,0.0,72107,2468663,6495,173997,86,B
359,CA,Canada,Nova Scotia,2020-04-22,75,12,772,0,12.0,35,0,2.0,3.8,18.9,72107,2468663,6495,173997,86,A
360,CA,Canada,Ontario,2020-04-22,70,35,12245,0,659.0,510,0,37.0,2.4,1.3,72107,2468663,6495,173997,86,A
361,CA,Canada,Quebec,2020-04-22,85,24,20965,0,1134.0,839,0,93.0,-1.8,0.0,72107,2468663,6495,173997,86,A
362,CA,Canada,Saskatchewan,2020-04-22,62,47,326,0,4.0,6,0,0.0,9.3,0.0,72107,2468663,6495,173997,86,A
363,CA,Canada,Alberta,2020-04-23,72,48,3720,0,67.0,319,0,1.0,9.8,0.0,72752,2541415,6779,180776,87,A
366,CA,Canada,New Brunswick,2020-04-23,59,13,118,0,0.0,0,0,0.0,0.7,0.2,72752,2541415,6779,180776,87,B
365,CA,Canada,Manitoba,2020-04-23,46,46,251,11,6.0,5,0,0.0,8.1,0.0,72752,2541415,6779,180776,87,B
371,CA,Canada,Saskatchewan,2020-04-23,56,47,331,0,4.0,5,0,0.0,9.1,1.0,72752,2541415,6779,180776,87,B
370,CA,Canada,Quebec,2020-04-23,72,24,21838,0,1243.0,873,0,109.0,0.3,0.0,72752,2541415,6779,180776,87,A
364,CA,Canada,British Columbia,2020-04-23,70,59,1824,0,94.0,29,0,4.0,10.8,3.6,72752,2541415,6779,180776,87,A
368,CA,Canada,Nova Scotia,2020-04-23,71,12,827,0,16.0,55,0,4.0,0.0,0.5,72752,2541415,6779,180776,87,A
369,CA,Canada,Ontario,2020-04-23,70,35,12879,0,713.0,634,0,54.0,2.8,0.7,72752,2541415,6779,180776,87,A
367,CA,Canada,Newfoundland and Labrador,2020-04-23,59,10,256,0,3.0,0,0,0.0,1.7,1.7,72752,2541415,6779,180776,87,B
379,CA,Canada,Quebec,2020-04-24,75,24,22616,0,1340.0,778,0,97.0,2.3,0.0,80220,2621635,6442,187218,88,A
378,CA,Canada,Ontario,2020-04-24,70,35,13519,0,763.0,640,0,50.0,8.3,0.6,80220,2621635,6442,187218,88,A
380,CA,Canada,Saskatchewan,2020-04-24,71,47,341,0,4.0,10,0,0.0,5.5,0.2,80220,2621635,6442,187218,88,A
375,CA,Canada,New Brunswick,2020-04-24,58,13,118,0,0.0,0,0,0.0,4.4,0.0,80220,2621635,6442,187218,88,B
374,CA,Canada,Manitoba,2020-04-24,54,46,252,11,6.0,1,0,0.0,8.1,0.0,80220,2621635,6442,187218,88,B
373,CA,Canada,British Columbia,2020-04-24,70,59,1853,0,98.0,29,0,4.0,11.5,12.4,80220,2621635,6442,187218,88,A
372,CA,Canada,Alberta,2020-04-24,68,48,4017,0,72.0,297,0,5.0,8.7,0.4,80220,2621635,6442,187218,88,A
376,CA,Canada,Newfoundland and Labrador,2020-04-24,57,10,256,0,3.0,0,0,0.0,1.1,0.0,80220,2621635,6442,187218,88,B
377,CA,Canada,Nova Scotia,2020-04-24,77,12,850,0,16.0,23,0,0.0,5.2,0.0,80220,2621635,6442,187218,88,A
381,CA,Canada,Alberta,2020-04-25,62,48,4233,0,73.0,216,0,1.0,9.2,0.0,89313,2710948,5747,192965,89,A
382,CA,Canada,British Columbia,2020-04-25,75,59,1948,0,100.0,95,0,2.0,9.8,10.8,89313,2710948,5747,192965,89,A
383,CA,Canada,Newfoundland and Labrador,2020-04-25,57,10,257,0,3.0,1,0,0.0,1.1,0.0,89313,2710948,5747,192965,89,B
384,CA,Canada,Nova Scotia,2020-04-25,68,12,865,0,22.0,15,0,6.0,2.1,0.0,89313,2710948,5747,192965,89,A
385,CA,Canada,Ontario,2020-04-25,55,35,13995,0,811.0,476,0,48.0,7.8,1.0,89313,2710948,5747,192965,89,B
386,CA,Canada,Quebec,2020-04-25,55,24,23267,0,1446.0,651,0,106.0,5.9,0.0,89313,2710948,5747,192965,89,B
387,CA,Canada,Saskatchewan,2020-04-25,52,47,347,2,4.0,6,2,0.0,6.0,0.0,89313,2710948,5747,192965,89,B
390,CA,Canada,Manitoba,2020-04-26,52,46,260,11,6.0,4,0,0.0,9.9,0.0,85505,2796453,5955,198920,90,B
388,CA,Canada,Alberta,2020-04-26,64,48,4480,0,73.0,247,0,0.0,10.5,0.0,85505,2796453,5955,198920,90,A
389,CA,Canada,British Columbia,2020-04-26,72,59,1948,0,100.0,0,0,0.0,9.8,11.8,85505,2796453,5955,198920,90,A
391,CA,Canada,New Brunswick,2020-04-26,29,13,118,0,0.0,0,0,0.0,4.9,0.0,85505,2796453,5955,198920,90,C
392,CA,Canada,Newfoundland and Labrador,2020-04-26,24,10,258,0,3.0,1,0,0.0,0.9,0.0,85505,2796453,5955,198920,90,C
393,CA,Canada,Nova Scotia,2020-04-26,48,12,873,0,24.0,8,0,2.0,3.7,0.0,85505,2796453,5955,198920,90,B
394,CA,Canada,Ontario,2020-04-26,69,35,14432,0,835.0,437,0,24.0,9.2,0.2,85505,2796453,5955,198920,90,A
395,CA,Canada,Quebec,2020-04-26,88,24,24107,0,1515.0,840,0,69.0,5.9,0.0,85505,2796453,5955,198920,90,A
396,CA,Canada,Saskatchewan,2020-04-26,67,47,353,0,4.0,6,0,0.0,9.3,0.0,85505,2796453,5955,198920,90,A
403,CA,Canada,Quebec,2020-04-27,67,24,24982,0,1599.0,875,0,84.0,5.7,0.0,87138,2883591,5228,204148,91,A
404,CA,Canada,Saskatchewan,2020-04-27,52,47,365,0,5.0,12,0,1.0,9.0,0.0,87138,2883591,5228,204148,91,B
402,CA,Canada,Ontario,2020-04-27,59,35,14856,0,892.0,424,0,57.0,9.4,0.6,87138,2883591,5228,204148,91,B
400,CA,Canada,New Brunswick,2020-04-27,58,13,118,0,0.0,0,0,0.0,4.8,0.0,87138,2883591,5228,204148,91,B
401,CA,Canada,Nova Scotia,2020-04-27,76,12,900,0,24.0,27,0,0.0,5.2,0.0,87138,2883591,5228,204148,91,A
398,CA,Canada,British Columbia,2020-04-27,69,59,1998,0,103.0,50,0,3.0,9.5,12.0,87138,2883591,5228,204148,91,A
397,CA,Canada,Alberta,2020-04-27,72,48,4696,0,75.0,216,0,2.0,10.8,0.0,87138,2883591,5228,204148,91,A
399,CA,Canada,Manitoba,2020-04-27,48,46,261,11,6.0,1,0,0.0,9.7,0.0,87138,2883591,5228,204148,91,B
412,CA,Canada,Quebec,2020-04-28,57,24,25757,0,1682.0,775,0,83.0,5.9,0.0,73759,2957350,3813,207961,92,B
405,CA,Canada,Alberta,2020-04-28,55,48,4850,0,80.0,154,0,5.0,10.0,0.0,73759,2957350,3813,207961,92,B
406,CA,Canada,British Columbia,2020-04-28,65,59,2053,0,105.0,55,0,2.0,9.8,4.0,73759,2957350,3813,207961,92,A
407,CA,Canada,Manitoba,2020-04-28,49,46,261,11,6.0,0,0,0.0,8.4,9.8,73759,2957350,3813,207961,92,B
408,CA,Canada,New Brunswick,2020-04-28,52,13,118,0,0.0,0,0,0.0,5.5,0.0,73759,2957350,3813,207961,92,B
409,CA,Canada,Newfoundland and Labrador,2020-04-28,52,10,258,0,3.0,0,0,0.0,-0.9,0.0,73759,2957350,3813,207961,92,B
410,CA,Canada,Nova Scotia,2020-04-28,77,12,915,0,27.0,15,0,3.0,3.4,1.9,73759,2957350,3813,207961,92,A
411,CA,Canada,Ontario,2020-04-28,60,35,15381,0,951.0,525,0,59.0,9.1,0.7,73759,2957350,3813,207961,92,A
413,CA,Canada,Saskatchewan,2020-04-28,45,47,366,0,5.0,1,0,0.0,8.7,0.0,73759,2957350,3813,207961,92,B
420,CA,Canada,Ontario,2020-04-29,70,35,15728,0,996.0,347,0,45.0,10.6,0.6,66321,3023671,5378,213339,93,A
414,CA,Canada,Alberta,2020-04-29,61,48,5165,0,87.0,315,0,7.0,12.4,0.0,66321,3023671,5378,213339,93,A
419,CA,Canada,Nova Scotia,2020-04-29,68,12,935,0,28.0,20,0,1.0,2.2,0.0,66321,3023671,5378,213339,93,A
421,CA,Canada,Quebec,2020-04-29,61,24,26594,0,1761.0,837,0,79.0,7.3,0.0,66321,3023671,5378,213339,93,A
418,CA,Canada,Newfoundland and Labrador,2020-04-29,54,10,258,0,3.0,0,0,0.0,-0.2,0.0,66321,3023671,5378,213339,93,B
422,CA,Canada,Saskatchewan,2020-04-29,44,47,383,0,6.0,17,0,1.0,11.3,0.0,66321,3023671,5378,213339,93,B
416,CA,Canada,Manitoba,2020-04-29,42,46,263,10,6.0,2,0,0.0,8.2,0.0,66321,3023671,5378,213339,93,B
415,CA,Canada,British Columbia,2020-04-29,74,59,2087,0,109.0,34,0,4.0,9.0,22.8,66321,3023671,5378,213339,93,A
417,CA,Canada,New Brunswick,2020-04-29,48,13,118,0,0.0,0,0,0.0,4.7,0.0,66321,3023671,5378,213339,93,B
424,CA,Canada,British Columbia,2020-04-30,61,59,2112,0,111.0,25,0,2.0,9.0,5.0,72955,3096626,9859,223198,94,A
425,CA,Canada,Manitoba,2020-04-30,40,46,264,11,6.0,1,1,0.0,14.2,0.0,72955,3096626,9859,223198,94,B
426,CA,Canada,New Brunswick,2020-04-30,48,13,118,0,0.0,0,0,0.0,5.8,0.2,72955,3096626,9859,223198,94,B
427,CA,Canada,Newfoundland and Labrador,2020-04-30,49,10,258,0,3.0,0,0,0.0,5.0,0.0,72955,3096626,9859,223198,94,B
428,CA,Canada,Nova Scotia,2020-04-30,64,12,947,0,28.0,12,0,0.0,3.9,0.0,72955,3096626,9859,223198,94,A
429,CA,Canada,Ontario,2020-04-30,68,35,16187,0,1082.0,459,0,86.0,10.9,8.2,72955,3096626,9859,223198,94,A
423,CA,Canada,Alberta,2020-04-30,68,48,5355,0,89.0,190,0,2.0,17.4,0.0,72955,3096626,9859,223198,94,A
431,CA,Canada,Saskatchewan,2020-04-30,41,47,389,0,6.0,6,0,0.0,14.5,0.0,72955,3096626,9859,223198,94,B
430,CA,Canada,Quebec,2020-04-30,81,24,27538,0,1859.0,944,0,98.0,6.7,5.2,72955,3096626,9859,223198,94,A
433,CA,Canada,British Columbia,2020-05-01,58,59,2145,0,112.0,33,0,1.0,11.5,1.4,85008,3181634,6399,229597,95,B
434,CA,Canada,Manitoba,2020-05-01,59,46,268,11,6.0,4,0,0.0,12.2,0.2,85008,3181634,6399,229597,95,B
435,CA,Canada,New Brunswick,2020-05-01,58,13,118,0,0.0,0,0,0.0,9.6,2.8,85008,3181634,6399,229597,95,B
436,CA,Canada,Newfoundland and Labrador,2020-05-01,41,10,259,0,3.0,1,0,0.0,7.3,1.7,85008,3181634,6399,229597,95,B
437,CA,Canada,Nova Scotia,2020-05-01,70,12,959,0,29.0,12,0,1.0,9.4,0.4,85008,3181634,6399,229597,95,A
438,CA,Canada,Ontario,2020-05-01,61,35,16608,0,1121.0,421,0,39.0,12.3,1.2,85008,3181634,6399,229597,95,A
439,CA,Canada,Quebec,2020-05-01,73,24,28648,0,2022.0,1110,0,163.0,5.9,23.0,85008,3181634,6399,229597,95,A
440,CA,Canada,Saskatchewan,2020-05-01,63,47,415,0,6.0,26,0,0.0,9.6,3.0,85008,3181634,6399,229597,95,A
432,CA,Canada,Alberta,2020-05-01,58,48,5573,0,92.0,218,0,3.0,10.1,0.0,85008,3181634,6399,229597,95,B
443,CA,Canada,Manitoba,2020-05-02,54,46,269,11,6.0,1,0,0.0,7.1,0.0,90578,3272212,5741,235338,96,B
444,CA,Canada,Newfoundland and Labrador,2020-05-02,51,10,259,0,3.0,0,0,0.0,4.4,2.2,90578,3272212,5741,235338,96,B
445,CA,Canada,Nova Scotia,2020-05-02,69,12,963,0,31.0,4,0,2.0,8.4,24.6,90578,3272212,5741,235338,96,A
446,CA,Canada,Ontario,2020-05-02,57,35,17119,0,1176.0,511,0,55.0,11.1,2.0,90578,3272212,5741,235338,96,B
447,CA,Canada,Quebec,2020-05-02,45,24,29656,0,2136.0,1008,0,114.0,10.3,0.0,90578,3272212,5741,235338,96,B
448,CA,Canada,Saskatchewan,2020-05-02,49,47,421,0,6.0,6,0,0.0,8.8,0.0,90578,3272212,5741,235338,96,B
441,CA,Canada,Alberta,2020-05-02,41,48,5670,0,94.0,97,0,2.0,10.7,0.0,90578,3272212,5741,235338,96,B
442,CA,Canada,British Columbia,2020-05-02,81,59,2171,0,114.0,26,0,2.0,9.5,21.2,90578,3272212,5741,235338,96,A
457,CA,Canada,Saskatchewan,2020-05-03,47,47,433,0,6.0,12,0,0.0,10.8,7.0,83985,3356197,8626,243964,97,B
449,CA,Canada,Alberta,2020-05-03,65,48,5766,0,95.0,96,0,1.0,12.4,0.8,83985,3356197,8626,243964,97,A
450,CA,Canada,British Columbia,2020-05-03,61,59,2171,0,114.0,0,0,0.0,8.8,7.6,83985,3356197,8626,243964,97,A
451,CA,Canada,Manitoba,2020-05-03,47,46,270,11,6.0,1,0,0.0,4.1,0.0,83985,3356197,8626,243964,97,B
452,CA,Canada,New Brunswick,2020-05-03,21,13,118,0,0.0,0,0,0.0,7.8,0.6,83985,3356197,8626,243964,97,C
453,CA,Canada,Newfoundland and Labrador,2020-05-03,47,10,259,0,3.0,0,0,0.0,0.3,2.0,83985,3356197,8626,243964,97,B
454,CA,Canada,Nova Scotia,2020-05-03,27,12,971,0,37.0,8,0,6.0,3.0,0.0,83985,3356197,8626,243964,97,C
455,CA,Canada,Ontario,2020-05-03,43,35,17553,0,1216.0,434,0,40.0,15.4,1.4,83985,3356197,8626,243964,97,B
456,CA,Canada,Quebec,2020-05-03,76,24,31865,0,2205.0,2209,0,69.0,7.8,2.0,83985,3356197,8626,243964,97,A
458,CA,Canada,Alberta,2020-05-04,74,48,5836,0,104.0,70,0,9.0,5.8,2.0,85984,3442181,2859,246823,98,A
460,CA,Canada,Manitoba,2020-05-04,46,46,270,11,6.0,0,0,0.0,4.5,0.0,85984,3442181,2859,246823,98,B
461,CA,Canada,New Brunswick,2020-05-04,55,13,118,0,0.0,0,0,0.0,5.1,13.5,85984,3442181,2859,246823,98,B
462,CA,Canada,Newfoundland and Labrador,2020-05-04,38,10,259,0,3.0,0,0,0.0,0.2,0.0,85984,3442181,2859,246823,98,C
463,CA,Canada,Nova Scotia,2020-05-04,68,12,985,0,38.0,14,0,1.0,4.6,0.0,85984,3442181,2859,246823,98,A
464,CA,Canada,Ontario,2020-05-04,62,35,17923,0,1300.0,370,0,84.0,7.3,0.8,85984,3442181,2859,246823,98,A
465,CA,Canada,Quebec,2020-05-04,62,24,32623,0,2280.0,758,0,75.0,4.9,1.0,85984,3442181,2859,246823,98,A
466,CA,Canada,Saskatchewan,2020-05-04,49,47,467,0,6.0,34,0,0.0,8.3,1.5,85984,3442181,2859,246823,98,B
459,CA,Canada,British Columbia,2020-05-04,65,59,2224,0,117.0,53,0,3.0,9.0,16.4,85984,3442181,2859,246823,98,A
692,CA,Canada,Ontario,2020-05-05,59,35,18310,0,1361.0,387,0,61.0,5.4,1.3,82906,3525087,2090,248913,99,B
691,CA,Canada,Nova Scotia,2020-05-05,67,12,991,0,41.0,6,0,3.0,3.8,6.7,82906,3525087,2090,248913,99,A
690,CA,Canada,Newfoundland and Labrador,2020-05-05,68,10,259,0,3.0,0,0,0.0,0.6,0.0,82906,3525087,2090,248913,99,A
689,CA,Canada,New Brunswick,2020-05-05,56,13,119,0,0.0,1,0,0.0,1.7,5.3,82906,3525087,2090,248913,99,B
688,CA,Canada,Manitoba,2020-05-05,38,46,271,11,7.0,1,0,1.0,8.4,0.0,82906,3525087,2090,248913,99,C
687,CA,Canada,British Columbia,2020-05-05,44,59,2232,0,121.0,8,0,4.0,11.3,10.4,82906,3525087,2090,248913,99,B
693,CA,Canada,Quebec,2020-05-05,61,24,33417,0,2398.0,794,0,118.0,3.5,3.0,82906,3525087,2090,248913,99,A
694,CA,Canada,Saskatchewan,2020-05-05,43,47,487,0,6.0,20,0,0.0,7.2,0.0,82906,3525087,2090,248913,99,B
467,CA,Canada,Alberta,2020-05-06,56,48,5963,0,112.0,70,0,6.0,11.4,0.0,70578,3595665,4125,253038,100,B
475,CA,Canada,Saskatchewan,2020-05-06,39,47,512,0,6.0,25,0,0.0,8.1,0.0,70578,3595665,4125,253038,100,C
474,CA,Canada,Quebec,2020-05-06,53,24,34327,0,2510.0,910,0,112.0,6.2,0.0,70578,3595665,4125,253038,100,B
473,CA,Canada,Ontario,2020-05-06,57,35,18722,0,1429.0,412,0,68.0,8.6,1.3,70578,3595665,4125,253038,100,B
472,CA,Canada,Nova Scotia,2020-05-06,59,12,998,0,41.0,7,0,0.0,1.3,1.6,70578,3595665,4125,253038,100,B
471,CA,Canada,Newfoundland and Labrador,2020-05-06,46,10,259,0,3.0,0,0,0.0,0.1,13.0,70578,3595665,4125,253038,100,B
470,CA,Canada,New Brunswick,2020-05-06,41,13,120,0,0.0,1,0,0.0,6.4,0.0,70578,3595665,4125,253038,100,B
469,CA,Canada,Manitoba,2020-05-06,39,46,273,11,7.0,2,0,0.0,7.1,0.0,70578,3595665,4125,253038,100,C
468,CA,Canada,British Columbia,2020-05-06,60,59,2255,0,124.0,23,0,3.0,10.5,1.8,70578,3595665,4125,253038,100,A
477,CA,Canada,British Columbia,2020-05-07,46,59,2288,0,126.0,33,0,2.0,9.8,0.0,83835,3679500,6520,259558,101,B
476,CA,Canada,Alberta,2020-05-07,60,48,6017,0,114.0,54,0,2.0,12.9,0.0,83835,3679500,6520,259558,101,A
480,CA,Canada,Newfoundland and Labrador,2020-05-07,44,10,261,0,3.0,2,0,0.0,3.2,0.2,83835,3679500,6520,259558,101,B
482,CA,Canada,Ontario,2020-05-07,61,35,19121,0,1477.0,399,0,48.0,8.5,1.3,83835,3679500,6520,259558,101,A
481,CA,Canada,Nova Scotia,2020-05-07,69,12,1007,0,44.0,9,0,3.0,1.7,5.5,83835,3679500,6520,259558,101,A
483,CA,Canada,Quebec,2020-05-07,56,24,35238,0,2631.0,911,0,121.0,7.7,0.0,83835,3679500,6520,259558,101,B
484,CA,Canada,Saskatchewan,2020-05-07,37,47,531,0,6.0,19,0,0.0,8.1,0.0,83835,3679500,6520,259558,101,C
478,CA,Canada,Manitoba,2020-05-07,41,46,272,11,7.0,0,0,0.0,2.7,0.0,83835,3679500,6520,259558,101,B
479,CA,Canada,New Brunswick,2020-05-07,48,13,120,0,0.0,0,0,0.0,4.9,0.0,83835,3679500,6520,259558,101,B
485,CA,Canada,Alberta,2020-05-08,63,48,6098,0,115.0,81,0,1.0,8.5,0.0,88245,3767745,5413,264971,102,A
486,CA,Canada,British Columbia,2020-05-08,37,59,2315,0,127.0,27,0,1.0,14.8,0.0,88245,3767745,5413,264971,102,C
487,CA,Canada,Manitoba,2020-05-08,44,46,273,11,7.0,1,0,0.0,2.0,0.0,88245,3767745,5413,264971,102,B
488,CA,Canada,New Brunswick,2020-05-08,50,13,120,0,0.0,0,0,0.0,3.2,2.4,88245,3767745,5413,264971,102,B
490,CA,Canada,Nova Scotia,2020-05-08,62,12,1008,0,46.0,1,0,2.0,5.5,1.5,88245,3767745,5413,264971,102,A
491,CA,Canada,Ontario,2020-05-08,66,35,19598,0,1540.0,477,0,63.0,2.1,0.6,88245,3767745,5413,264971,102,A
492,CA,Canada,Quebec,2020-05-08,68,24,36150,0,2725.0,912,0,94.0,5.8,1.3,88245,3767745,5413,264971,102,A
493,CA,Canada,Saskatchewan,2020-05-08,62,47,544,0,6.0,13,0,0.0,8.6,5.6,88245,3767745,5413,264971,102,A
489,CA,Canada,Newfoundland and Labrador,2020-05-08,50,10,261,0,3.0,0,0,0.0,1.1,3.3,88245,3767745,5413,264971,102,B
495,CA,Canada,British Columbia,2020-05-09,36,59,2330,0,129.0,15,0,2.0,16.5,0.0,94857,3862602,6464,271435,103,C
502,CA,Canada,Saskatchewan,2020-05-09,54,47,553,0,6.0,9,0,0.0,3.8,0.2,94857,3862602,6464,271435,103,B
501,CA,Canada,Quebec,2020-05-09,58,24,36986,0,2786.0,836,0,61.0,3.6,0.0,94857,3862602,6464,271435,103,B
500,CA,Canada,Ontario,2020-05-09,60,35,19944,0,1599.0,346,0,59.0,2.2,1.0,94857,3862602,6464,271435,103,A
499,CA,Canada,Nova Scotia,2020-05-09,67,12,1011,0,47.0,3,0,1.0,5.0,3.5,94857,3862602,6464,271435,103,A
498,CA,Canada,Newfoundland and Labrador,2020-05-09,36,10,261,0,3.0,0,0,0.0,4.2,5.9,94857,3862602,6464,271435,103,C
497,CA,Canada,New Brunswick,2020-05-09,58,13,120,0,0.0,0,0,0.0,-0.8,34.0,94857,3862602,6464,271435,103,B
494,CA,Canada,Alberta,2020-05-09,42,48,6157,0,116.0,59,0,1.0,6.6,2.1,94857,3862602,6464,271435,103,B
496,CA,Canada,Manitoba,2020-05-09,37,46,273,11,7.0,0,0,0.0,3.2,2.4,94857,3862602,6464,271435,103,C
508,CA,Canada,Nova Scotia,2020-05-10,38,12,1018,0,47.0,7,0,0.0,3.5,3.5,89086,3951688,4605,276040,104,C
507,CA,Canada,Newfoundland and Labrador,2020-05-10,34,10,261,0,3.0,0,0,0.0,3.2,0.4,89086,3951688,4605,276040,104,C
506,CA,Canada,New Brunswick,2020-05-10,28,13,120,0,0.0,0,0,0.0,2.8,0.0,89086,3951688,4605,276040,104,C
505,CA,Canada,Manitoba,2020-05-10,36,46,276,11,7.0,3,0,0.0,2.0,0.0,89086,3951688,4605,276040,104,C
504,CA,Canada,British Columbia,2020-05-10,29,59,2330,0,129.0,0,0,0.0,15.8,0.0,89086,3951688,4605,276040,104,C
503,CA,Canada,Alberta,2020-05-10,54,48,6253,0,117.0,96,0,1.0,4.6,0.0,89086,3951688,4605,276040,104,B
510,CA,Canada,Quebec,2020-05-10,79,24,37721,0,2928.0,735,0,142.0,5.1,0.0,89086,3951688,4605,276040,104,A
511,CA,Canada,Saskatchewan,2020-05-10,31,47,564,0,6.0,11,0,0.0,2.9,0.0,89086,3951688,4605,276040,104,C
509,CA,Canada,Ontario,2020-05-10,53,35,20238,0,1634.0,294,0,35.0,5.8,0.2,89086,3951688,4605,276040,104,B
520,CA,Canada,Saskatchewan,2020-05-11,49,47,568,0,6.0,4,0,0.0,2.4,0.0,88684,4040372,4690,280730,105,B
519,CA,Canada,Quebec,2020-05-11,53,24,38469,0,3013.0,748,0,85.0,7.4,0.0,88684,4040372,4690,280730,105,B
518,CA,Canada,Ontario,2020-05-11,65,35,20546,0,1669.0,308,0,35.0,4.6,4.0,88684,4040372,4690,280730,105,A
517,CA,Canada,Nova Scotia,2020-05-11,55,12,1019,0,48.0,1,0,1.0,7.4,0.0,88684,4040372,4690,280730,105,B
516,CA,Canada,Newfoundland and Labrador,2020-05-11,31,10,261,0,3.0,0,0,0.0,5.5,0.0,88684,4040372,4690,280730,105,C
515,CA,Canada,New Brunswick,2020-05-11,40,13,120,0,0.0,0,0,0.0,7.8,0.0,88684,4040372,4690,280730,105,B
514,CA,Canada,Manitoba,2020-05-11,44,46,278,11,7.0,2,0,0.0,-0.1,0.0,88684,4040372,4690,280730,105,B
512,CA,Canada,Alberta,2020-05-11,64,48,6300,0,117.0,47,0,0.0,3.6,0.0,88684,4040372,4690,280730,105,A
513,CA,Canada,British Columbia,2020-05-11,56,59,2353,0,130.0,23,0,1.0,16.5,0.0,88684,4040372,4690,280730,105,B
523,CA,Canada,Manitoba,2020-05-12,34,46,279,11,7.0,1,0,0.0,1.7,0.0,81413,4121785,3524,284254,106,C
522,CA,Canada,British Columbia,2020-05-12,63,59,2360,0,131.0,7,0,1.0,14.0,0.2,81413,4121785,3524,284254,106,A
521,CA,Canada,Alberta,2020-05-12,58,48,6345,0,118.0,45,0,1.0,4.8,0.0,81413,4121785,3524,284254,106,B
527,CA,Canada,Ontario,2020-05-12,59,35,20907,0,1725.0,361,0,56.0,4.2,1.1,81413,4121785,3524,284254,106,B
525,CA,Canada,Newfoundland and Labrador,2020-05-12,53,10,261,0,3.0,0,0,0.0,5.0,0.2,81413,4121785,3524,284254,106,B
529,CA,Canada,Saskatchewan,2020-05-12,47,47,573,0,6.0,5,0,0.0,4.1,2.7,81413,4121785,3524,284254,106,B
528,CA,Canada,Quebec,2020-05-12,54,24,39225,0,3131.0,756,0,118.0,3.2,1.3,81413,4121785,3524,284254,106,B
524,CA,Canada,New Brunswick,2020-05-12,52,13,120,0,0.0,0,0,0.0,3.9,6.5,81413,4121785,3524,284254,106,B
526,CA,Canada,Nova Scotia,2020-05-12,66,12,1020,0,48.0,1,0,0.0,6.1,5.1,81413,4121785,3524,284254,106,A
538,CA,Canada,Saskatchewan,2020-05-13,41,47,577,0,6.0,4,0,0.0,7.8,6.9,75740,4197525,4332,288586,107,B
537,CA,Canada,Quebec,2020-05-13,49,24,39931,0,3220.0,706,0,89.0,6.5,0.0,75740,4197525,4332,288586,107,B
536,CA,Canada,Ontario,2020-05-13,51,35,21236,0,1765.0,329,0,40.0,6.2,1.5,75740,4197525,4332,288586,107,B
535,CA,Canada,Nova Scotia,2020-05-13,63,12,1024,0,51.0,4,0,3.0,2.3,0.4,75740,4197525,4332,288586,107,A
534,CA,Canada,Newfoundland and Labrador,2020-05-13,44,10,261,0,3.0,0,0,0.0,1.9,16.8,75740,4197525,4332,288586,107,B
533,CA,Canada,New Brunswick,2020-05-13,40,13,120,0,0.0,0,0,0.0,4.1,0.0,75740,4197525,4332,288586,107,B
532,CA,Canada,Manitoba,2020-05-13,52,46,279,11,7.0,0,0,0.0,5.1,1.2,75740,4197525,4332,288586,107,B
531,CA,Canada,British Columbia,2020-05-13,58,59,2376,0,132.0,16,0,1.0,13.5,3.4,75740,4197525,4332,288586,107,B
530,CA,Canada,Alberta,2020-05-13,41,48,6407,0,120.0,62,0,2.0,7.0,0.5,75740,4197525,4332,288586,107,B
542,CA,Canada,New Brunswick,2020-05-14,36,13,120,0,0.0,0,0,0.0,6.7,0.0,82566,4280091,5037,293623,108,C
539,CA,Canada,Alberta,2020-05-14,48,48,6457,0,121.0,50,0,1.0,9.5,0.0,82566,4280091,5037,293623,108,B
540,CA,Canada,British Columbia,2020-05-14,50,59,2392,0,135.0,16,0,3.0,13.8,0.6,82566,4280091,5037,293623,108,B
541,CA,Canada,Manitoba,2020-05-14,40,46,278,11,7.0,0,0,0.0,9.6,1.2,82566,4280091,5037,293623,108,B
543,CA,Canada,Nova Scotia,2020-05-14,55,12,1026,0,51.0,2,0,0.0,2.4,0.2,82566,4280091,5037,293623,108,B
544,CA,Canada,Ontario,2020-05-14,62,35,21581,0,1798.0,345,0,33.0,8.9,1.7,82566,4280091,5037,293623,108,A
545,CA,Canada,Quebec,2020-05-14,44,24,40724,0,3351.0,793,0,131.0,8.8,0.0,82566,4280091,5037,293623,108,B
546,CA,Canada,Saskatchewan,2020-05-14,27,47,582,0,6.0,5,0,0.0,9.2,0.5,82566,4280091,5037,293623,108,C
551,CA,Canada,Nova Scotia,2020-05-15,58,12,1034,0,55.0,8,0,4.0,4.5,0.0,88685,4368776,5313,298936,109,B
554,CA,Canada,Saskatchewan,2020-05-15,33,47,590,0,6.0,8,0,0.0,9.4,0.0,88685,4368776,5313,298936,109,C
553,CA,Canada,Quebec,2020-05-15,69,24,41420,0,3401.0,696,0,50.0,10.5,0.0,88685,4368776,5313,298936,109,A
552,CA,Canada,Ontario,2020-05-15,61,35,21922,0,1825.0,341,0,27.0,13.7,4.8,88685,4368776,5313,298936,109,A
548,CA,Canada,British Columbia,2020-05-15,36,59,2407,0,140.0,15,0,5.0,13.3,2.2,88685,4368776,5313,298936,109,C
549,CA,Canada,Manitoba,2020-05-15,29,46,278,11,7.0,0,0,0.0,7.0,0.0,88685,4368776,5313,298936,109,C
547,CA,Canada,Alberta,2020-05-15,40,48,6515,0,125.0,58,0,4.0,7.0,0.0,88685,4368776,5313,298936,109,B
550,CA,Canada,New Brunswick,2020-05-15,39,13,120,0,0.0,0,0,0.0,8.2,0.0,88685,4368776,5313,298936,109,C
562,CA,Canada,Saskatchewan,2020-05-16,24,47,591,0,6.0,1,0,0.0,11.4,0.0,92967,4461743,5274,304210,110,C
560,CA,Canada,Ontario,2020-05-16,33,35,22313,0,1858.0,391,0,33.0,13.2,1.2,92967,4461743,5274,304210,110,C
561,CA,Canada,Quebec,2020-05-16,38,24,42183,0,3483.0,763,0,82.0,12.0,2.7,92967,4461743,5274,304210,110,C
558,CA,Canada,New Brunswick,2020-05-16,40,13,120,0,0.0,0,0,0.0,9.3,6.5,92967,4461743,5274,304210,110,B
559,CA,Canada,Nova Scotia,2020-05-16,62,12,1037,0,55.0,3,0,0.0,5.4,0.0,92967,4461743,5274,304210,110,A
556,CA,Canada,British Columbia,2020-05-16,68,59,2428,0,141.0,21,0,1.0,11.5,11.8,92967,4461743,5274,304210,110,A
555,CA,Canada,Alberta,2020-05-16,19,48,6587,0,126.0,72,0,1.0,13.8,0.0,92967,4461743,5274,304210,110,D
557,CA,Canada,Manitoba,2020-05-16,23,46,278,11,7.0,0,0,0.0,12.3,0.0,92967,4461743,5274,304210,110,C
568,CA,Canada,Saskatchewan,2020-05-17,20,47,592,0,6.0,1,0,0.0,14.5,0.0,95802,4557545,4647,308857,111,C
567,CA,Canada,Quebec,2020-05-17,47,24,42920,0,3562.0,737,0,79.0,12.0,0.0,95802,4557545,4647,308857,111,B
566,CA,Canada,Ontario,2020-05-17,44,35,22653,0,1881.0,340,0,23.0,12.5,1.4,95802,4557545,4647,308857,111,B
565,CA,Canada,Manitoba,2020-05-17,8,46,278,11,7.0,0,0,0.0,13.1,0.0,95802,4557545,4647,308857,111,D
564,CA,Canada,British Columbia,2020-05-17,49,59,2428,0,141.0,0,0,0.0,13.8,2.2,95802,4557545,4647,308857,111,B
563,CA,Canada,Alberta,2020-05-17,23,48,6644,0,127.0,57,0,1.0,16.8,0.0,95802,4557545,4647,308857,111,C
569,CA,Canada,Alberta,2020-05-18,45,48,6683,0,128.0,39,0,1.0,13.8,1.6,103325,4660870,4546,313403,112,B
570,CA,Canada,British Columbia,2020-05-18,30,59,2444,0,143.0,16,0,2.0,13.3,0.0,103325,4660870,4546,313403,112,C
571,CA,Canada,Manitoba,2020-05-18,37,46,279,11,7.0,1,0,0.0,18.5,0.0,103325,4660870,4546,313403,112,C
572,CA,Canada,New Brunswick,2020-05-18,51,13,120,0,0.0,0,0,0.0,7.8,0.0,103325,4660870,4546,313403,112,B
573,CA,Canada,Nova Scotia,2020-05-18,56,12,1043,0,55.0,3,0,0.0,4.2,0.0,103325,4660870,4546,313403,112,B
574,CA,Canada,Ontario,2020-05-18,84,35,22957,0,1904.0,304,0,23.0,13.5,8.0,103325,4660870,4546,313403,112,A
575,CA,Canada,Quebec,2020-05-18,31,24,43627,0,3596.0,707,0,34.0,9.6,0.0,103325,4660870,4546,313403,112,C
576,CA,Canada,Saskatchewan,2020-05-18,45,47,592,0,6.0,0,0,0.0,17.9,0.0,103325,4660870,4546,313403,112,B
584,CA,Canada,Saskatchewan,2020-05-19,21,47,599,0,6.0,7,0,0.0,16.2,0.0,74696,4735566,2885,316288,113,C
583,CA,Canada,Quebec,2020-05-19,41,24,44197,0,3647.0,570,0,51.0,10.9,0.0,74696,4735566,2885,316288,113,B
582,CA,Canada,Ontario,2020-05-19,46,35,23384,0,1919.0,427,0,15.0,15.0,0.0,74696,4735566,2885,316288,113,B
579,CA,Canada,Manitoba,2020-05-19,23,46,279,11,7.0,0,0,0.0,19.7,0.0,74696,4735566,2885,316288,113,C
580,CA,Canada,New Brunswick,2020-05-19,29,13,120,0,0.0,0,0,0.0,7.9,0.0,74696,4735566,2885,316288,113,C
578,CA,Canada,British Columbia,2020-05-19,36,59,2446,0,146.0,2,0,3.0,13.3,1.6,74696,4735566,2885,316288,113,C
577,CA,Canada,Alberta,2020-05-19,47,48,6716,0,128.0,33,0,0.0,15.4,0.0,74696,4735566,2885,316288,113,B
581,CA,Canada,Nova Scotia,2020-05-19,53,12,1044,0,56.0,1,0,1.0,2.9,0.0,74696,4735566,2885,316288,113,B
590,CA,Canada,Ontario,2020-05-20,38,35,23774,0,1962.0,390,0,43.0,14.9,0.2,90054,4825620,3579,319867,114,C
589,CA,Canada,Nova Scotia,2020-05-20,49,12,1045,0,57.0,1,0,1.0,5.5,0.0,90054,4825620,3579,319867,114,B
588,CA,Canada,New Brunswick,2020-05-20,24,13,120,0,0.0,0,0,0.0,11.3,0.0,90054,4825620,3579,319867,114,C
587,CA,Canada,Manitoba,2020-05-20,20,46,279,11,7.0,0,0,0.0,19.8,0.0,90054,4825620,3579,319867,114,C
586,CA,Canada,British Columbia,2020-05-20,51,59,2467,0,149.0,21,0,3.0,10.5,5.8,90054,4825620,3579,319867,114,B
592,CA,Canada,Saskatchewan,2020-05-20,33,47,620,0,6.0,21,0,0.0,20.5,4.7,90054,4825620,3579,319867,114,C
591,CA,Canada,Quebec,2020-05-20,32,24,44775,0,3718.0,578,0,71.0,14.3,0.0,90054,4825620,3579,319867,114,C
585,CA,Canada,Alberta,2020-05-20,48,48,6716,0,128.0,0,0,0.0,12.2,14.2,90054,4825620,3579,319867,114,B
600,CA,Canada,Saskatchewan,2020-05-21,24,47,622,0,7.0,2,0,1.0,15.3,0.2,102103,4927723,4870,324737,115,C
593,CA,Canada,Alberta,2020-05-21,72,48,6768,0,132.0,52,0,4.0,7.8,7.4,102103,4927723,4870,324737,115,A
594,CA,Canada,British Columbia,2020-05-21,50,59,2479,0,152.0,12,0,3.0,10.5,0.4,102103,4927723,4870,324737,115,B
595,CA,Canada,Manitoba,2020-05-21,23,46,279,11,7.0,0,0,0.0,18.5,0.0,102103,4927723,4870,324737,115,C
596,CA,Canada,New Brunswick,2020-05-21,24,13,121,0,0.0,1,0,0.0,18.8,0.0,102103,4927723,4870,324737,115,C
597,CA,Canada,Nova Scotia,2020-05-21,45,12,1046,0,58.0,1,0,1.0,11.7,0.0,102103,4927723,4870,324737,115,B
598,CA,Canada,Ontario,2020-05-21,37,35,24187,0,1993.0,413,0,31.0,15.4,0.7,102103,4927723,4870,324737,115,C
599,CA,Canada,Quebec,2020-05-21,34,24,45495,0,3800.0,720,0,82.0,17.1,1.0,102103,4927723,4870,324737,115,C
609,CA,Canada,Saskatchewan,2020-05-22,31,47,627,0,7.0,5,0,0.0,13.7,0.0,91060,5018783,4480,329217,116,C
608,CA,Canada,Quebec,2020-05-22,38,24,46141,0,3865.0,646,0,65.0,16.8,0.0,91060,5018783,4480,329217,116,C
607,CA,Canada,Ontario,2020-05-22,42,35,24628,0,2021.0,441,0,28.0,17.1,0.7,91060,5018783,4480,329217,116,B
606,CA,Canada,Nova Scotia,2020-05-22,48,12,1048,0,58.0,2,0,0.0,6.9,0.0,91060,5018783,4480,329217,116,B
604,CA,Canada,New Brunswick,2020-05-22,29,13,121,0,0.0,0,0,0.0,14.3,0.0,91060,5018783,4480,329217,116,C
603,CA,Canada,Manitoba,2020-05-22,27,46,281,11,7.0,2,0,0.0,20.4,0.0,91060,5018783,4480,329217,116,C
602,CA,Canada,British Columbia,2020-05-22,46,59,2507,0,155.0,28,0,3.0,11.0,0.0,91060,5018783,4480,329217,116,B
601,CA,Canada,Alberta,2020-05-22,64,48,6800,0,134.0,32,0,2.0,9.2,0.0,91060,5018783,4480,329217,116,A
605,CA,Canada,Newfoundland and Labrador,2020-05-22,40,10,260,0,3.0,0,0,0.0,-0.2,2.1,91060,5018783,4480,329217,116,B
611,CA,Canada,British Columbia,2020-05-23,42,59,2517,0,157.0,10,0,2.0,11.0,14.6,107563,5126346,5317,334534,117,B
612,CA,Canada,Manitoba,2020-05-23,22,46,281,11,7.0,0,0,0.0,18.4,0.0,107563,5126346,5317,334534,117,C
613,CA,Canada,New Brunswick,2020-05-23,28,13,121,0,0.0,0,0,0.0,8.4,0.0,107563,5126346,5317,334534,117,C
614,CA,Canada,Newfoundland and Labrador,2020-05-23,40,10,260,0,3.0,0,0,0.0,1.0,0.4,107563,5126346,5317,334534,117,B
615,CA,Canada,Nova Scotia,2020-05-23,49,12,1049,0,58.0,1,0,0.0,3.0,0.0,107563,5126346,5317,334534,117,B
616,CA,Canada,Ontario,2020-05-23,26,35,25040,0,2048.0,412,0,27.0,19.2,1.2,107563,5126346,5317,334534,117,C
610,CA,Canada,Alberta,2020-05-23,30,48,6818,0,135.0,18,0,1.0,7.3,0.0,107563,5126346,5317,334534,117,C
618,CA,Canada,Saskatchewan,2020-05-23,27,47,630,0,7.0,3,0,0.0,11.0,0.0,107563,5126346,5317,334534,117,C
617,CA,Canada,Quebec,2020-05-23,27,24,46838,0,3940.0,697,0,75.0,10.1,0.0,107563,5126346,5317,334534,117,C
626,CA,Canada,Saskatchewan,2020-05-24,3,47,632,0,7.0,2,0,0.0,11.2,0.0,104409,5230755,5054,339588,118,D
625,CA,Canada,Quebec,2020-05-24,26,24,47411,0,3984.0,573,0,44.0,14.1,0.0,104409,5230755,5054,339588,118,C
624,CA,Canada,Ontario,2020-05-24,29,35,25500,0,2073.0,460,0,25.0,20.3,0.4,104409,5230755,5054,339588,118,C
619,CA,Canada,Alberta,2020-05-24,8,48,6860,0,135.0,42,0,0.0,11.3,0.0,104409,5230755,5054,339588,118,D
622,CA,Canada,Newfoundland and Labrador,2020-05-24,0,10,260,0,3.0,0,0,0.0,1.2,0.0,104409,5230755,5054,339588,118,D
621,CA,Canada,Manitoba,2020-05-24,28,46,281,11,7.0,0,0,0.0,13.7,3.5,104409,5230755,5054,339588,118,C
620,CA,Canada,British Columbia,2020-05-24,41,59,2517,0,157.0,0,0,0.0,12.3,4.2,104409,5230755,5054,339588,118,B
623,CA,Canada,Nova Scotia,2020-05-24,11,12,1050,0,58.0,1,0,0.0,6.4,0.0,104409,5230755,5054,339588,118,D
628,CA,Canada,British Columbia,2020-05-25,60,59,2530,0,161.0,13,0,4.0,12.0,0.2,102660,5333415,3527,343115,119,A
629,CA,Canada,Manitoba,2020-05-25,23,46,281,11,7.0,0,0,0.0,15.2,0.0,102660,5333415,3527,343115,119,C
630,CA,Canada,New Brunswick,2020-05-25,26,13,121,0,0.0,0,0,0.0,14.8,0.0,102660,5333415,3527,343115,119,C
631,CA,Canada,Nova Scotia,2020-05-25,47,12,1051,0,58.0,1,0,0.0,11.4,0.0,102660,5333415,3527,343115,119,B
632,CA,Canada,Ontario,2020-05-25,39,35,25904,0,2102.0,404,0,29.0,24.1,1.4,102660,5333415,3527,343115,119,C
633,CA,Canada,Quebec,2020-05-25,36,24,47984,0,4069.0,573,0,85.0,17.8,0.0,102660,5333415,3527,343115,119,C
634,CA,Canada,Saskatchewan,2020-05-25,15,47,634,0,7.0,2,0,0.0,11.6,0.0,102660,5333415,3527,343115,119,D
627,CA,Canada,Alberta,2020-05-25,37,48,6879,0,138.0,19,0,3.0,14.4,0.0,102660,5333415,3527,343115,119,C
